train/0000001.jpg,0
train/0000002.jpg,3
train/0000003.jpg,1
train/0000005.jpg,3
train/0000006.jpg,3
train/0000007.jpg,2
train/0000008.jpg,0
train/0000010.jpg,1
train/0000011.jpg,1
train/0000012.jpg,2
train/0000013.jpg,3
train/0000014.jpg,2
train/0000016.jpg,3
train/0000017.jpg,1
train/0000019.jpg,0
train/0000020.jpg,1
train/0000022.jpg,0
train/0000023.jpg,2
train/0000024.jpg,2
train/0000025.jpg,2
train/0000026.jpg,3
train/0000029.jpg,2
train/0000030.jpg,2
train/0000031.jpg,1
train/0000032.jpg,2
train/0000033.jpg,0
train/0000034.jpg,2
train/0000035.jpg,0
train/0000037.jpg,3
train/0000038.jpg,0
train/0000039.jpg,2
train/0000040.jpg,3
train/0000041.jpg,1
train/0000042.jpg,0
train/0000043.jpg,0
train/0000045.jpg,3
train/0000046.jpg,0
train/0000047.jpg,3
train/0000048.jpg,0
train/0000050.jpg,3
train/0000051.jpg,0
train/0000052.jpg,2
train/0000054.jpg,1
train/0000055.jpg,1
train/0000056.jpg,1
train/0000058.jpg,0
train/0000061.jpg,0
train/0000062.jpg,2
train/0000063.jpg,3
train/0000065.jpg,0
train/0000066.jpg,1
train/0000067.jpg,1
train/0000068.jpg,2
train/0000070.jpg,2
train/0000071.jpg,2
train/0000074.jpg,2
train/0000076.jpg,2
train/0000077.jpg,1
train/0000083.jpg,2
train/0000084.jpg,1
train/0000085.jpg,1
train/0000086.jpg,1
train/0000088.jpg,3
train/0000089.jpg,2
train/0000090.jpg,0
train/0000092.jpg,1
train/0000093.jpg,1
train/0000094.jpg,0
train/0000095.jpg,2
train/0000096.jpg,1
train/0000097.jpg,3
train/0000098.jpg,3
train/0000099.jpg,0
train/0000100.jpg,1
train/0000101.jpg,1
train/0000102.jpg,3
train/0000103.jpg,0
train/0000105.jpg,3
train/0000106.jpg,1
train/0000108.jpg,0
train/0000109.jpg,0
train/0000110.jpg,2
train/0000111.jpg,1
train/0000113.jpg,1
train/0000116.jpg,0
train/0000117.jpg,1
train/0000118.jpg,2
train/0000121.jpg,0
train/0000122.jpg,3
train/0000123.jpg,0
train/0000124.jpg,2
train/0000126.jpg,3
train/0000127.jpg,0
train/0000129.jpg,2
train/0000131.jpg,1
train/0000132.jpg,1
train/0000133.jpg,3
train/0000134.jpg,2
train/0000136.jpg,0
train/0000137.jpg,2
train/0000138.jpg,0
train/0000139.jpg,3
train/0000140.jpg,0
train/0000143.jpg,2
train/0000144.jpg,2
train/0000145.jpg,2
train/0000146.jpg,3
train/0000147.jpg,3
train/0000148.jpg,0
train/0000150.jpg,3
train/0000151.jpg,1
train/0000152.jpg,1
train/0000153.jpg,2
train/0000154.jpg,2
train/0000156.jpg,1
train/0000157.jpg,3
train/0000158.jpg,0
train/0000160.jpg,0
train/0000161.jpg,0
train/0000162.jpg,3
train/0000163.jpg,2
train/0000164.jpg,1
train/0000165.jpg,2
train/0000166.jpg,1
train/0000167.jpg,2
train/0000170.jpg,1
train/0000171.jpg,1
train/0000172.jpg,3
train/0000174.jpg,2
train/0000175.jpg,0
train/0000176.jpg,2
train/0000177.jpg,0
train/0000178.jpg,3
train/0000180.jpg,2
train/0000181.jpg,2
train/0000182.jpg,1
train/0000183.jpg,3
train/0000186.jpg,1
train/0000187.jpg,2
train/0000188.jpg,2
train/0000189.jpg,1
train/0000190.jpg,3
train/0000192.jpg,2
train/0000193.jpg,3
train/0000194.jpg,2
train/0000195.jpg,2
train/0000196.jpg,0
train/0000197.jpg,0
train/0000198.jpg,2
train/0000199.jpg,0
train/0000200.jpg,1
train/0000201.jpg,3
train/0000202.jpg,0
train/0000203.jpg,3
train/0000204.jpg,0
train/0000205.jpg,2
train/0000206.jpg,2
train/0000207.jpg,0
train/0000208.jpg,1
train/0000209.jpg,2
train/0000210.jpg,1
train/0000211.jpg,2
train/0000212.jpg,1
train/0000213.jpg,0
train/0000214.jpg,2
train/0000217.jpg,1
train/0000218.jpg,0
train/0000219.jpg,0
train/0000222.jpg,1
train/0000223.jpg,0
train/0000226.jpg,1
train/0000227.jpg,0
train/0000228.jpg,0
train/0000230.jpg,2
train/0000231.jpg,0
train/0000232.jpg,0
train/0000233.jpg,1
train/0000234.jpg,1
train/0000235.jpg,1
train/0000237.jpg,0
train/0000239.jpg,0
train/0000240.jpg,0
train/0000242.jpg,2
train/0000243.jpg,0
train/0000244.jpg,0
train/0000245.jpg,0
train/0000246.jpg,1
train/0000248.jpg,2
train/0000250.jpg,2
train/0000251.jpg,0
train/0000252.jpg,3
train/0000253.jpg,1
train/0000256.jpg,2
train/0000257.jpg,2
train/0000258.jpg,0
train/0000259.jpg,3
train/0000261.jpg,3
train/0000262.jpg,0
train/0000264.jpg,1
train/0000266.jpg,3
train/0000268.jpg,2
train/0000269.jpg,3
train/0000270.jpg,3
train/0000271.jpg,2
train/0000272.jpg,3
train/0000273.jpg,3
train/0000274.jpg,3
train/0000275.jpg,1
train/0000276.jpg,2
train/0000278.jpg,0
train/0000279.jpg,1
train/0000280.jpg,3
train/0000281.jpg,1
train/0000282.jpg,1
train/0000283.jpg,1
train/0000284.jpg,0
train/0000285.jpg,2
train/0000286.jpg,1
train/0000288.jpg,3
train/0000289.jpg,1
train/0000292.jpg,3
train/0000294.jpg,3
train/0000295.jpg,3
train/0000296.jpg,0
train/0000298.jpg,3
train/0000299.jpg,2
train/0000303.jpg,0
train/0000304.jpg,3
train/0000305.jpg,1
train/0000306.jpg,2
train/0000308.jpg,1
train/0000309.jpg,1
train/0000310.jpg,3
train/0000311.jpg,0
train/0000312.jpg,2
train/0000313.jpg,3
train/0000314.jpg,3
train/0000316.jpg,2
train/0000317.jpg,2
train/0000318.jpg,0
train/0000319.jpg,0
train/0000320.jpg,0
train/0000322.jpg,1
train/0000323.jpg,1
train/0000324.jpg,3
train/0000325.jpg,1
train/0000326.jpg,2
train/0000328.jpg,0
train/0000329.jpg,3
train/0000330.jpg,0
train/0000331.jpg,3
train/0000332.jpg,3
train/0000333.jpg,3
train/0000334.jpg,1
train/0000335.jpg,1
train/0000336.jpg,3
train/0000337.jpg,3
train/0000338.jpg,3
train/0000339.jpg,3
train/0000341.jpg,2
train/0000342.jpg,2
train/0000343.jpg,2
train/0000344.jpg,2
train/0000346.jpg,1
train/0000347.jpg,3
train/0000348.jpg,3
train/0000349.jpg,0
train/0000350.jpg,0
train/0000352.jpg,0
train/0000353.jpg,3
train/0000354.jpg,0
train/0000356.jpg,3
train/0000357.jpg,3
train/0000358.jpg,3
train/0000359.jpg,2
train/0000360.jpg,1
train/0000361.jpg,0
train/0000362.jpg,2
train/0000363.jpg,0
train/0000364.jpg,3
train/0000365.jpg,0
train/0000366.jpg,3
train/0000367.jpg,0
train/0000368.jpg,1
train/0000369.jpg,1
train/0000371.jpg,0
train/0000373.jpg,1
train/0000374.jpg,1
train/0000375.jpg,3
train/0000377.jpg,3
train/0000378.jpg,2
train/0000379.jpg,1
train/0000381.jpg,3
train/0000384.jpg,0
train/0000385.jpg,0
train/0000386.jpg,2
train/0000387.jpg,0
train/0000388.jpg,2
train/0000389.jpg,1
train/0000390.jpg,3
train/0000392.jpg,3
train/0000393.jpg,2
train/0000394.jpg,0
train/0000395.jpg,3
train/0000396.jpg,3
train/0000397.jpg,1
train/0000398.jpg,2
train/0000399.jpg,0
train/0000400.jpg,2
train/0000401.jpg,1
train/0000402.jpg,3
train/0000404.jpg,3
train/0000405.jpg,3
train/0000407.jpg,1
train/0000408.jpg,3
train/0000409.jpg,0
train/0000411.jpg,1
train/0000412.jpg,0
train/0000413.jpg,0
train/0000414.jpg,1
train/0000415.jpg,2
train/0000417.jpg,1
train/0000419.jpg,1
train/0000420.jpg,3
train/0000421.jpg,2
train/0000422.jpg,0
train/0000424.jpg,3
train/0000426.jpg,2
train/0000427.jpg,3
train/0000428.jpg,0
train/0000429.jpg,1
train/0000430.jpg,2
train/0000431.jpg,0
train/0000432.jpg,0
train/0000433.jpg,0
train/0000434.jpg,0
train/0000435.jpg,3
train/0000437.jpg,0
train/0000438.jpg,0
train/0000439.jpg,2
train/0000440.jpg,2
train/0000441.jpg,0
train/0000442.jpg,3
train/0000443.jpg,1
train/0000444.jpg,1
train/0000446.jpg,2
train/0000448.jpg,0
train/0000449.jpg,3
train/0000450.jpg,2
train/0000451.jpg,0
train/0000452.jpg,3
train/0000453.jpg,3
train/0000454.jpg,1
train/0000455.jpg,2
train/0000457.jpg,2
train/0000458.jpg,2
train/0000459.jpg,3
train/0000460.jpg,1
train/0000461.jpg,0
train/0000463.jpg,2
train/0000464.jpg,0
train/0000465.jpg,1
train/0000466.jpg,2
train/0000467.jpg,0
train/0000468.jpg,0
train/0000469.jpg,2
train/0000470.jpg,1
train/0000471.jpg,1
train/0000472.jpg,3
train/0000473.jpg,0
train/0000474.jpg,3
train/0000475.jpg,1
train/0000478.jpg,3
train/0000479.jpg,0
train/0000480.jpg,0
train/0000481.jpg,2
train/0000482.jpg,0
train/0000484.jpg,1
train/0000485.jpg,3
train/0000486.jpg,0
train/0000487.jpg,3
train/0000488.jpg,1
train/0000489.jpg,2
train/0000490.jpg,0
train/0000491.jpg,3
train/0000492.jpg,2
train/0000493.jpg,3
train/0000494.jpg,0
train/0000495.jpg,0
train/0000496.jpg,3
train/0000497.jpg,2
train/0000498.jpg,2
train/0000499.jpg,3
train/0000501.jpg,1
train/0000502.jpg,1
train/0000503.jpg,0
train/0000504.jpg,2
train/0000505.jpg,2
train/0000506.jpg,3
train/0000507.jpg,0
train/0000508.jpg,2
train/0000509.jpg,3
train/0000510.jpg,0
train/0000512.jpg,1
train/0000513.jpg,1
train/0000515.jpg,0
train/0000516.jpg,3
train/0000517.jpg,2
train/0000518.jpg,1
train/0000519.jpg,1
train/0000520.jpg,3
train/0000521.jpg,3
train/0000522.jpg,2
train/0000524.jpg,0
train/0000525.jpg,2
train/0000526.jpg,1
train/0000527.jpg,3
train/0000528.jpg,3
train/0000530.jpg,1
train/0000531.jpg,0
train/0000534.jpg,1
train/0000535.jpg,1
train/0000537.jpg,3
train/0000538.jpg,1
train/0000539.jpg,2
train/0000541.jpg,3
train/0000542.jpg,0
train/0000543.jpg,2
train/0000544.jpg,3
train/0000545.jpg,0
train/0000546.jpg,2
train/0000547.jpg,2
train/0000548.jpg,3
train/0000549.jpg,2
train/0000551.jpg,1
train/0000552.jpg,2
train/0000553.jpg,3
train/0000554.jpg,2
train/0000556.jpg,2
train/0000557.jpg,1
train/0000559.jpg,3
train/0000560.jpg,1
train/0000561.jpg,0
train/0000562.jpg,2
train/0000563.jpg,2
train/0000564.jpg,2
train/0000566.jpg,2
train/0000568.jpg,0
train/0000569.jpg,3
train/0000570.jpg,0
train/0000571.jpg,3
train/0000572.jpg,3
train/0000573.jpg,0
train/0000574.jpg,2
train/0000576.jpg,0
train/0000577.jpg,3
train/0000578.jpg,3
train/0000579.jpg,0
train/0000580.jpg,2
train/0000581.jpg,0
train/0000582.jpg,1
train/0000583.jpg,1
train/0000584.jpg,1
train/0000585.jpg,1
train/0000586.jpg,3
train/0000587.jpg,2
train/0000588.jpg,0
train/0000590.jpg,0
train/0000592.jpg,2
train/0000594.jpg,3
train/0000595.jpg,3
train/0000597.jpg,0
train/0000598.jpg,0
train/0000601.jpg,0
train/0000603.jpg,0
train/0000604.jpg,1
train/0000606.jpg,0
train/0000607.jpg,0
train/0000609.jpg,1
train/0000610.jpg,3
train/0000611.jpg,3
train/0000612.jpg,2
train/0000613.jpg,0
train/0000614.jpg,0
train/0000615.jpg,0
train/0000617.jpg,2
train/0000618.jpg,2
train/0000619.jpg,0
train/0000621.jpg,3
train/0000622.jpg,3
train/0000623.jpg,3
train/0000625.jpg,0
train/0000627.jpg,3
train/0000628.jpg,0
train/0000629.jpg,3
train/0000631.jpg,3
train/0000632.jpg,3
train/0000634.jpg,3
train/0000635.jpg,3
train/0000637.jpg,3
train/0000638.jpg,2
train/0000639.jpg,3
train/0000640.jpg,1
train/0000642.jpg,3
train/0000643.jpg,1
train/0000644.jpg,0
train/0000645.jpg,3
train/0000647.jpg,2
train/0000648.jpg,2
train/0000651.jpg,2
train/0000652.jpg,0
train/0000653.jpg,2
train/0000654.jpg,2
train/0000655.jpg,0
train/0000656.jpg,3
train/0000657.jpg,0
train/0000658.jpg,0
train/0000659.jpg,0
train/0000660.jpg,1
train/0000661.jpg,0
train/0000662.jpg,3
train/0000663.jpg,2
train/0000664.jpg,1
train/0000665.jpg,0
train/0000666.jpg,0
train/0000667.jpg,2
train/0000668.jpg,3
train/0000670.jpg,0
train/0000671.jpg,1
train/0000672.jpg,0
train/0000673.jpg,3
train/0000677.jpg,0
train/0000678.jpg,2
train/0000679.jpg,1
train/0000680.jpg,3
train/0000681.jpg,0
train/0000682.jpg,0
train/0000684.jpg,0
train/0000685.jpg,2
train/0000686.jpg,0
train/0000687.jpg,3
train/0000688.jpg,2
train/0000690.jpg,2
train/0000691.jpg,0
train/0000692.jpg,2
train/0000693.jpg,3
train/0000694.jpg,2
train/0000695.jpg,1
train/0000696.jpg,2
train/0000697.jpg,0
train/0000698.jpg,3
train/0000700.jpg,2
train/0000701.jpg,2
train/0000702.jpg,3
train/0000703.jpg,1
train/0000704.jpg,3
train/0000706.jpg,1
train/0000707.jpg,1
train/0000708.jpg,0
train/0000709.jpg,0
train/0000710.jpg,2
train/0000711.jpg,2
train/0000712.jpg,0
train/0000713.jpg,2
train/0000715.jpg,2
train/0000716.jpg,1
train/0000717.jpg,2
train/0000718.jpg,0
train/0000719.jpg,2
train/0000720.jpg,1
train/0000721.jpg,2
train/0000722.jpg,2
train/0000723.jpg,3
train/0000724.jpg,0
train/0000725.jpg,2
train/0000726.jpg,1
train/0000727.jpg,1
train/0000728.jpg,1
train/0000729.jpg,1
train/0000730.jpg,2
train/0000732.jpg,2
train/0000735.jpg,1
train/0000736.jpg,1
train/0000738.jpg,1
train/0000739.jpg,2
train/0000740.jpg,1
train/0000741.jpg,2
train/0000744.jpg,0
train/0000745.jpg,1
train/0000746.jpg,1
train/0000747.jpg,0
train/0000749.jpg,3
train/0000750.jpg,1
train/0000751.jpg,2
train/0000753.jpg,3
train/0000754.jpg,1
train/0000756.jpg,0
train/0000757.jpg,2
train/0000759.jpg,3
train/0000761.jpg,1
train/0000762.jpg,2
train/0000763.jpg,0
train/0000764.jpg,1
train/0000766.jpg,2
train/0000767.jpg,3
train/0000768.jpg,3
train/0000769.jpg,1
train/0000770.jpg,1
train/0000771.jpg,1
train/0000772.jpg,3
train/0000773.jpg,0
train/0000774.jpg,3
train/0000777.jpg,0
train/0000778.jpg,1
train/0000779.jpg,2
train/0000781.jpg,3
train/0000782.jpg,1
train/0000785.jpg,3
train/0000788.jpg,2
train/0000789.jpg,1
train/0000790.jpg,3
train/0000791.jpg,3
train/0000792.jpg,1
train/0000793.jpg,0
train/0000794.jpg,1
train/0000795.jpg,1
train/0000797.jpg,3
train/0000798.jpg,2
train/0000800.jpg,3
train/0000802.jpg,3
train/0000803.jpg,1
train/0000804.jpg,0
train/0000805.jpg,0
train/0000806.jpg,1
train/0000808.jpg,3
train/0000809.jpg,0
train/0000810.jpg,1
train/0000811.jpg,0
train/0000812.jpg,1
train/0000813.jpg,1
train/0000814.jpg,3
train/0000815.jpg,1
train/0000816.jpg,1
train/0000817.jpg,0
train/0000818.jpg,0
train/0000819.jpg,3
train/0000820.jpg,0
train/0000821.jpg,2
train/0000823.jpg,1
train/0000825.jpg,0
train/0000826.jpg,1
train/0000829.jpg,1
train/0000830.jpg,1
train/0000831.jpg,1
train/0000832.jpg,0
train/0000833.jpg,1
train/0000835.jpg,0
train/0000836.jpg,0
train/0000837.jpg,0
train/0000838.jpg,0
train/0000839.jpg,3
train/0000840.jpg,2
train/0000842.jpg,1
train/0000844.jpg,2
train/0000845.jpg,0
train/0000846.jpg,1
train/0000847.jpg,2
train/0000848.jpg,3
train/0000849.jpg,3
train/0000850.jpg,2
train/0000851.jpg,2
train/0000852.jpg,0
train/0000853.jpg,2
train/0000854.jpg,2
train/0000855.jpg,2
train/0000857.jpg,1
train/0000858.jpg,0
train/0000860.jpg,0
train/0000862.jpg,3
train/0000865.jpg,2
train/0000866.jpg,0
train/0000868.jpg,3
train/0000869.jpg,3
train/0000870.jpg,0
train/0000871.jpg,1
train/0000872.jpg,3
train/0000873.jpg,1
train/0000874.jpg,0
train/0000875.jpg,1
train/0000876.jpg,2
train/0000877.jpg,0
train/0000878.jpg,1
train/0000879.jpg,2
train/0000880.jpg,2
train/0000881.jpg,1
train/0000882.jpg,0
train/0000883.jpg,0
train/0000884.jpg,3
train/0000885.jpg,1
train/0000886.jpg,0
train/0000887.jpg,3
train/0000888.jpg,0
train/0000889.jpg,1
train/0000890.jpg,0
train/0000891.jpg,0
train/0000892.jpg,1
train/0000894.jpg,3
train/0000895.jpg,3
train/0000896.jpg,3
train/0000898.jpg,3
train/0000899.jpg,1
train/0000900.jpg,1
train/0000901.jpg,0
train/0000902.jpg,1
train/0000903.jpg,3
train/0000904.jpg,1
train/0000906.jpg,0
train/0000908.jpg,1
train/0000910.jpg,3
train/0000912.jpg,3
train/0000913.jpg,3
train/0000914.jpg,3
train/0000915.jpg,3
train/0000916.jpg,2
train/0000917.jpg,0
train/0000918.jpg,2
train/0000919.jpg,3
train/0000920.jpg,2
train/0000921.jpg,2
train/0000922.jpg,0
train/0000923.jpg,1
train/0000925.jpg,0
train/0000926.jpg,1
train/0000927.jpg,0
train/0000928.jpg,2
train/0000929.jpg,3
train/0000930.jpg,2
train/0000931.jpg,3
train/0000932.jpg,3
train/0000933.jpg,3
train/0000934.jpg,0
train/0000935.jpg,0
train/0000937.jpg,3
train/0000938.jpg,2
train/0000940.jpg,0
train/0000941.jpg,3
train/0000942.jpg,3
train/0000943.jpg,3
train/0000944.jpg,2
train/0000945.jpg,2
train/0000946.jpg,2
train/0000947.jpg,0
train/0000948.jpg,1
train/0000949.jpg,2
train/0000950.jpg,3
train/0000951.jpg,0
train/0000952.jpg,0
train/0000953.jpg,3
train/0000954.jpg,3
train/0000955.jpg,2
train/0000956.jpg,0
train/0000957.jpg,1
train/0000958.jpg,1
train/0000960.jpg,0
train/0000961.jpg,0
train/0000962.jpg,2
train/0000963.jpg,2
train/0000964.jpg,1
train/0000965.jpg,2
train/0000966.jpg,3
train/0000967.jpg,0
train/0000969.jpg,3
train/0000970.jpg,2
train/0000971.jpg,0
train/0000972.jpg,1
train/0000974.jpg,1
train/0000975.jpg,3
train/0000976.jpg,0
train/0000977.jpg,1
train/0000978.jpg,1
train/0000979.jpg,0
train/0000981.jpg,0
train/0000982.jpg,2
train/0000983.jpg,2
train/0000985.jpg,3
train/0000986.jpg,0
train/0000987.jpg,3
train/0000988.jpg,0
train/0000989.jpg,3
train/0000992.jpg,0
train/0000994.jpg,2
train/0000995.jpg,3
train/0000997.jpg,0
train/0001000.jpg,0
train/0001001.jpg,0
train/0001002.jpg,2
train/0001003.jpg,2
train/0001004.jpg,3
train/0001005.jpg,3
train/0001009.jpg,0
train/0001010.jpg,0
train/0001011.jpg,1
train/0001012.jpg,2
train/0001013.jpg,2
train/0001014.jpg,2
train/0001015.jpg,1
train/0001016.jpg,1
train/0001017.jpg,1
train/0001019.jpg,0
train/0001020.jpg,2
train/0001022.jpg,0
train/0001023.jpg,2
train/0001025.jpg,1
train/0001026.jpg,0
train/0001028.jpg,1
train/0001030.jpg,1
train/0001031.jpg,2
train/0001032.jpg,0
train/0001033.jpg,2
train/0001034.jpg,0
train/0001035.jpg,1
train/0001036.jpg,0
train/0001038.jpg,0
train/0001039.jpg,1
train/0001042.jpg,3
train/0001043.jpg,3
train/0001044.jpg,0
train/0001046.jpg,1
train/0001047.jpg,2
train/0001048.jpg,1
train/0001049.jpg,3
train/0001050.jpg,3
train/0001052.jpg,3
train/0001053.jpg,2
train/0001054.jpg,3
train/0001056.jpg,1
train/0001058.jpg,0
train/0001059.jpg,3
train/0001060.jpg,0
train/0001061.jpg,2
train/0001062.jpg,1
train/0001063.jpg,3
train/0001064.jpg,2
train/0001065.jpg,3
train/0001066.jpg,1
train/0001067.jpg,0
train/0001068.jpg,2
train/0001070.jpg,2
train/0001071.jpg,0
train/0001072.jpg,1
train/0001073.jpg,0
train/0001074.jpg,2
train/0001075.jpg,0
train/0001076.jpg,0
train/0001077.jpg,3
train/0001078.jpg,3
train/0001079.jpg,3
train/0001080.jpg,3
train/0001081.jpg,2
train/0001082.jpg,2
train/0001083.jpg,3
train/0001084.jpg,1
train/0001085.jpg,0
train/0001086.jpg,2
train/0001087.jpg,1
train/0001088.jpg,0
train/0001089.jpg,3
train/0001092.jpg,1
train/0001094.jpg,1
train/0001096.jpg,2
train/0001098.jpg,1
train/0001099.jpg,1
train/0001100.jpg,0
train/0001102.jpg,1
train/0001103.jpg,0
train/0001104.jpg,3
train/0001108.jpg,0
train/0001109.jpg,3
train/0001110.jpg,2
train/0001112.jpg,1
train/0001113.jpg,1
train/0001114.jpg,0
train/0001115.jpg,1
train/0001116.jpg,2
train/0001117.jpg,2
train/0001118.jpg,0
train/0001119.jpg,1
train/0001120.jpg,2
train/0001121.jpg,2
train/0001122.jpg,0
train/0001123.jpg,3
train/0001124.jpg,1
train/0001126.jpg,0
train/0001127.jpg,2
train/0001128.jpg,0
train/0001129.jpg,2
train/0001130.jpg,0
train/0001132.jpg,3
train/0001133.jpg,3
train/0001134.jpg,1
train/0001135.jpg,1
train/0001136.jpg,1
train/0001137.jpg,1
train/0001138.jpg,0
train/0001142.jpg,3
train/0001143.jpg,3
train/0001145.jpg,0
train/0001146.jpg,2
train/0001148.jpg,0
train/0001149.jpg,3
train/0001151.jpg,2
train/0001154.jpg,2
train/0001156.jpg,2
train/0001157.jpg,3
train/0001162.jpg,3
train/0001163.jpg,3
train/0001164.jpg,1
train/0001166.jpg,3
train/0001167.jpg,2
train/0001169.jpg,0
train/0001170.jpg,2
train/0001172.jpg,2
train/0001173.jpg,2
train/0001174.jpg,2
train/0001175.jpg,1
train/0001176.jpg,1
train/0001177.jpg,1
train/0001178.jpg,3
train/0001179.jpg,3
train/0001180.jpg,3
train/0001181.jpg,2
train/0001183.jpg,0
train/0001184.jpg,1
train/0001185.jpg,0
train/0001186.jpg,3
train/0001187.jpg,3
train/0001188.jpg,0
train/0001190.jpg,1
train/0001191.jpg,3
train/0001192.jpg,2
train/0001193.jpg,2
train/0001195.jpg,1
train/0001197.jpg,1
train/0001199.jpg,3
train/0001200.jpg,0
train/0001201.jpg,1
train/0001202.jpg,2
train/0001204.jpg,2
train/0001206.jpg,1
train/0001208.jpg,2
train/0001209.jpg,2
train/0001211.jpg,1
train/0001212.jpg,3
train/0001213.jpg,0
train/0001214.jpg,0
train/0001216.jpg,0
train/0001217.jpg,1
train/0001218.jpg,0
train/0001219.jpg,2
train/0001221.jpg,3
train/0001222.jpg,2
train/0001223.jpg,0
train/0001225.jpg,0
train/0001226.jpg,1
train/0001228.jpg,3
train/0001229.jpg,0
train/0001230.jpg,0
train/0001231.jpg,1
train/0001232.jpg,3
train/0001234.jpg,1
train/0001235.jpg,0
train/0001236.jpg,2
train/0001238.jpg,0
train/0001239.jpg,1
train/0001241.jpg,0
train/0001242.jpg,0
train/0001244.jpg,3
train/0001245.jpg,0
train/0001246.jpg,0
train/0001247.jpg,2
train/0001249.jpg,3
train/0001251.jpg,0
train/0001252.jpg,1
train/0001253.jpg,1
train/0001254.jpg,1
train/0001255.jpg,0
train/0001256.jpg,0
train/0001257.jpg,0
train/0001258.jpg,0
train/0001259.jpg,3
train/0001260.jpg,1
train/0001261.jpg,0
train/0001262.jpg,3
train/0001263.jpg,0
train/0001264.jpg,1
train/0001265.jpg,0
train/0001266.jpg,2
train/0001268.jpg,2
train/0001269.jpg,3
train/0001270.jpg,0
train/0001271.jpg,1
train/0001272.jpg,2
train/0001273.jpg,0
train/0001275.jpg,0
train/0001276.jpg,3
train/0001277.jpg,3
train/0001278.jpg,2
train/0001279.jpg,0
train/0001280.jpg,2
train/0001281.jpg,0
train/0001283.jpg,0
train/0001285.jpg,2
train/0001286.jpg,0
train/0001287.jpg,2
train/0001288.jpg,3
train/0001289.jpg,0
train/0001291.jpg,2
train/0001293.jpg,3
train/0001296.jpg,0
train/0001298.jpg,0
train/0001299.jpg,1
train/0001301.jpg,1
train/0001303.jpg,1
train/0001304.jpg,2
train/0001305.jpg,1
train/0001306.jpg,0
train/0001307.jpg,3
train/0001308.jpg,1
train/0001310.jpg,0
train/0001311.jpg,0
train/0001312.jpg,3
train/0001313.jpg,2
train/0001314.jpg,2
train/0001315.jpg,3
train/0001317.jpg,2
train/0001318.jpg,3
train/0001319.jpg,3
train/0001320.jpg,3
train/0001322.jpg,3
train/0001323.jpg,3
train/0001324.jpg,2
train/0001325.jpg,0
train/0001326.jpg,0
train/0001329.jpg,3
train/0001331.jpg,2
train/0001332.jpg,1
train/0001334.jpg,2
train/0001335.jpg,2
train/0001336.jpg,3
train/0001337.jpg,1
train/0001338.jpg,1
train/0001339.jpg,1
train/0001340.jpg,0
train/0001341.jpg,2
train/0001343.jpg,2
train/0001344.jpg,0
train/0001345.jpg,2
train/0001348.jpg,1
train/0001349.jpg,0
train/0001350.jpg,1
train/0001351.jpg,1
train/0001352.jpg,1
train/0001353.jpg,3
train/0001354.jpg,0
train/0001356.jpg,3
train/0001357.jpg,3
train/0001358.jpg,3
train/0001359.jpg,3
train/0001360.jpg,0
train/0001361.jpg,3
train/0001362.jpg,2
train/0001363.jpg,1
train/0001364.jpg,1
train/0001365.jpg,1
train/0001366.jpg,1
train/0001367.jpg,3
train/0001368.jpg,2
train/0001369.jpg,2
train/0001370.jpg,2
train/0001371.jpg,0
train/0001372.jpg,3
train/0001373.jpg,1
train/0001374.jpg,3
train/0001376.jpg,1
train/0001377.jpg,1
train/0001378.jpg,2
train/0001380.jpg,0
train/0001382.jpg,1
train/0001383.jpg,3
train/0001384.jpg,0
train/0001385.jpg,1
train/0001386.jpg,3
train/0001388.jpg,1
train/0001389.jpg,3
train/0001390.jpg,2
train/0001391.jpg,3
train/0001392.jpg,3
train/0001393.jpg,3
train/0001394.jpg,3
train/0001395.jpg,1
train/0001397.jpg,0
train/0001398.jpg,1
train/0001399.jpg,3
train/0001400.jpg,1
train/0001401.jpg,1
train/0001402.jpg,3
train/0001404.jpg,1
train/0001406.jpg,3
train/0001408.jpg,2
train/0001409.jpg,3
train/0001410.jpg,3
train/0001411.jpg,0
train/0001412.jpg,2
train/0001414.jpg,1
train/0001415.jpg,0
train/0001416.jpg,1
train/0001418.jpg,3
train/0001419.jpg,0
train/0001420.jpg,2
train/0001421.jpg,0
train/0001422.jpg,0
train/0001424.jpg,0
train/0001426.jpg,3
train/0001427.jpg,3
train/0001428.jpg,2
train/0001429.jpg,1
train/0001431.jpg,1
train/0001432.jpg,3
train/0001433.jpg,1
train/0001435.jpg,2
train/0001436.jpg,0
train/0001437.jpg,3
train/0001438.jpg,0
train/0001439.jpg,2
train/0001440.jpg,3
train/0001441.jpg,1
train/0001442.jpg,2
train/0001443.jpg,2
train/0001444.jpg,1
train/0001445.jpg,1
train/0001446.jpg,3
train/0001447.jpg,0
train/0001448.jpg,1
train/0001449.jpg,2
train/0001450.jpg,0
train/0001451.jpg,2
train/0001452.jpg,1
train/0001453.jpg,1
train/0001455.jpg,3
train/0001456.jpg,1
train/0001458.jpg,3
train/0001459.jpg,0
train/0001460.jpg,3
train/0001461.jpg,3
train/0001462.jpg,2
train/0001463.jpg,3
train/0001464.jpg,1
train/0001465.jpg,3
train/0001466.jpg,2
train/0001467.jpg,1
train/0001468.jpg,3
train/0001469.jpg,1
train/0001470.jpg,2
train/0001472.jpg,2
train/0001474.jpg,0
train/0001476.jpg,0
train/0001477.jpg,0
train/0001478.jpg,0
train/0001479.jpg,1
train/0001480.jpg,1
train/0001481.jpg,1
train/0001482.jpg,1
train/0001483.jpg,3
train/0001486.jpg,1
train/0001487.jpg,0
train/0001488.jpg,3
train/0001490.jpg,2
train/0001491.jpg,0
train/0001492.jpg,1
train/0001493.jpg,2
train/0001494.jpg,3
train/0001495.jpg,3
train/0001496.jpg,2
train/0001499.jpg,0
train/0001500.jpg,0
train/0001502.jpg,0
train/0001503.jpg,3
train/0001504.jpg,2
train/0001505.jpg,1
train/0001506.jpg,1
train/0001507.jpg,0
train/0001508.jpg,1
train/0001509.jpg,3
train/0001511.jpg,2
train/0001512.jpg,0
train/0001513.jpg,2
train/0001514.jpg,2
train/0001515.jpg,0
train/0001516.jpg,0
train/0001517.jpg,1
train/0001518.jpg,1
train/0001519.jpg,2
train/0001520.jpg,0
train/0001521.jpg,0
train/0001522.jpg,0
train/0001523.jpg,2
train/0001524.jpg,3
train/0001525.jpg,2
train/0001526.jpg,0
train/0001527.jpg,3
train/0001528.jpg,1
train/0001529.jpg,3
train/0001530.jpg,1
train/0001531.jpg,2
train/0001532.jpg,3
train/0001533.jpg,1
train/0001534.jpg,1
train/0001535.jpg,1
train/0001536.jpg,2
train/0001537.jpg,0
train/0001538.jpg,3
train/0001540.jpg,1
train/0001541.jpg,2
train/0001542.jpg,1
train/0001545.jpg,3
train/0001546.jpg,1
train/0001547.jpg,1
train/0001549.jpg,2
train/0001550.jpg,1
train/0001551.jpg,1
train/0001552.jpg,2
train/0001553.jpg,0
train/0001554.jpg,1
train/0001555.jpg,3
train/0001556.jpg,3
train/0001557.jpg,3
train/0001558.jpg,3
train/0001559.jpg,1
train/0001560.jpg,1
train/0001561.jpg,0
train/0001563.jpg,3
train/0001564.jpg,1
train/0001565.jpg,1
train/0001566.jpg,0
train/0001567.jpg,0
train/0001568.jpg,1
train/0001569.jpg,0
train/0001570.jpg,1
train/0001571.jpg,1
train/0001572.jpg,2
train/0001574.jpg,2
train/0001575.jpg,2
train/0001576.jpg,3
train/0001577.jpg,2
train/0001578.jpg,3
train/0001579.jpg,3
train/0001581.jpg,1
train/0001582.jpg,2
train/0001583.jpg,3
train/0001584.jpg,3
train/0001585.jpg,0
train/0001590.jpg,1
train/0001592.jpg,0
train/0001593.jpg,2
train/0001594.jpg,0
train/0001595.jpg,3
train/0001596.jpg,3
train/0001598.jpg,2
train/0001600.jpg,3
train/0001601.jpg,1
train/0001602.jpg,2
train/0001603.jpg,3
train/0001604.jpg,2
train/0001605.jpg,3
train/0001606.jpg,0
train/0001607.jpg,2
train/0001609.jpg,1
train/0001611.jpg,0
train/0001613.jpg,3
train/0001614.jpg,1
train/0001615.jpg,0
train/0001616.jpg,1
train/0001618.jpg,2
train/0001619.jpg,2
train/0001620.jpg,1
train/0001621.jpg,2
train/0001622.jpg,0
train/0001623.jpg,1
train/0001624.jpg,0
train/0001625.jpg,3
train/0001626.jpg,3
train/0001627.jpg,3
train/0001628.jpg,0
train/0001629.jpg,3
train/0001631.jpg,1
train/0001632.jpg,0
train/0001633.jpg,3
train/0001634.jpg,1
train/0001635.jpg,3
train/0001636.jpg,0
train/0001637.jpg,3
train/0001638.jpg,2
train/0001639.jpg,0
train/0001640.jpg,0
train/0001641.jpg,1
train/0001642.jpg,2
train/0001644.jpg,1
train/0001645.jpg,0
train/0001646.jpg,2
train/0001647.jpg,1
train/0001648.jpg,3
train/0001650.jpg,1
train/0001651.jpg,0
train/0001652.jpg,3
train/0001653.jpg,3
train/0001654.jpg,3
train/0001655.jpg,1
train/0001657.jpg,2
train/0001658.jpg,3
train/0001659.jpg,1
train/0001660.jpg,0
train/0001662.jpg,1
train/0001664.jpg,2
train/0001665.jpg,2
train/0001666.jpg,0
train/0001668.jpg,0
train/0001669.jpg,2
train/0001671.jpg,2
train/0001672.jpg,3
train/0001673.jpg,3
train/0001674.jpg,2
train/0001675.jpg,1
train/0001676.jpg,1
train/0001677.jpg,0
train/0001678.jpg,1
train/0001679.jpg,1
train/0001680.jpg,0
train/0001681.jpg,1
train/0001682.jpg,2
train/0001684.jpg,0
train/0001685.jpg,0
train/0001689.jpg,1
train/0001692.jpg,0
train/0001693.jpg,2
train/0001694.jpg,3
train/0001695.jpg,0
train/0001697.jpg,1
train/0001700.jpg,2
train/0001701.jpg,3
train/0001702.jpg,1
train/0001704.jpg,2
train/0001705.jpg,1
train/0001706.jpg,0
train/0001708.jpg,3
train/0001709.jpg,1
train/0001710.jpg,0
train/0001712.jpg,0
train/0001713.jpg,1
train/0001714.jpg,1
train/0001715.jpg,0
train/0001716.jpg,0
train/0001717.jpg,1
train/0001718.jpg,1
train/0001719.jpg,2
train/0001720.jpg,3
train/0001721.jpg,3
train/0001722.jpg,3
train/0001723.jpg,3
train/0001724.jpg,2
train/0001725.jpg,2
train/0001726.jpg,1
train/0001728.jpg,1
train/0001729.jpg,3
train/0001730.jpg,2
train/0001731.jpg,0
train/0001732.jpg,1
train/0001733.jpg,1
train/0001734.jpg,1
train/0001735.jpg,2
train/0001736.jpg,3
train/0001737.jpg,1
train/0001738.jpg,3
train/0001739.jpg,3
train/0001740.jpg,0
train/0001741.jpg,3
train/0001742.jpg,1
train/0001744.jpg,0
train/0001745.jpg,1
train/0001746.jpg,1
train/0001747.jpg,2
train/0001748.jpg,2
train/0001749.jpg,3
train/0001750.jpg,2
train/0001751.jpg,1
train/0001752.jpg,0
train/0001754.jpg,1
train/0001755.jpg,1
train/0001756.jpg,2
train/0001757.jpg,0
train/0001758.jpg,3
train/0001760.jpg,3
train/0001761.jpg,2
train/0001762.jpg,1
train/0001763.jpg,0
train/0001764.jpg,1
train/0001765.jpg,1
train/0001766.jpg,2
train/0001768.jpg,1
train/0001769.jpg,1
train/0001771.jpg,0
train/0001772.jpg,3
train/0001773.jpg,0
train/0001774.jpg,1
train/0001775.jpg,2
train/0001776.jpg,1
train/0001777.jpg,2
train/0001779.jpg,0
train/0001780.jpg,1
train/0001781.jpg,0
train/0001783.jpg,3
train/0001784.jpg,2
train/0001785.jpg,2
train/0001787.jpg,0
train/0001788.jpg,3
train/0001789.jpg,0
train/0001790.jpg,2
train/0001791.jpg,1
train/0001792.jpg,0
train/0001794.jpg,2
train/0001795.jpg,3
train/0001796.jpg,0
train/0001797.jpg,3
train/0001799.jpg,0
train/0001800.jpg,3
train/0001801.jpg,2
train/0001802.jpg,2
train/0001803.jpg,2
train/0001804.jpg,1
train/0001806.jpg,3
train/0001807.jpg,1
train/0001808.jpg,2
train/0001809.jpg,3
train/0001810.jpg,0
train/0001811.jpg,1
train/0001812.jpg,0
train/0001813.jpg,2
train/0001815.jpg,3
train/0001817.jpg,1
train/0001819.jpg,1
train/0001820.jpg,2
train/0001821.jpg,2
train/0001822.jpg,2
train/0001823.jpg,2
train/0001825.jpg,0
train/0001826.jpg,2
train/0001827.jpg,3
train/0001828.jpg,1
train/0001829.jpg,1
train/0001830.jpg,1
train/0001831.jpg,0
train/0001833.jpg,2
train/0001834.jpg,2
train/0001837.jpg,3
train/0001839.jpg,1
train/0001841.jpg,2
train/0001842.jpg,3
train/0001843.jpg,2
train/0001844.jpg,0
train/0001845.jpg,3
train/0001847.jpg,3
train/0001849.jpg,3
train/0001851.jpg,0
train/0001853.jpg,3
train/0001854.jpg,1
train/0001856.jpg,2
train/0001857.jpg,0
train/0001858.jpg,0
train/0001859.jpg,2
train/0001860.jpg,1
train/0001862.jpg,2
train/0001863.jpg,2
train/0001864.jpg,1
train/0001865.jpg,2
train/0001866.jpg,2
train/0001867.jpg,1
train/0001868.jpg,0
train/0001869.jpg,1
train/0001870.jpg,2
train/0001871.jpg,3
train/0001872.jpg,3
train/0001873.jpg,0
train/0001875.jpg,1
train/0001876.jpg,0
train/0001877.jpg,2
train/0001878.jpg,2
train/0001879.jpg,3
train/0001880.jpg,3
train/0001881.jpg,3
train/0001882.jpg,3
train/0001884.jpg,1
train/0001885.jpg,3
train/0001886.jpg,2
train/0001887.jpg,2
train/0001889.jpg,3
train/0001890.jpg,1
train/0001891.jpg,1
train/0001892.jpg,0
train/0001893.jpg,1
train/0001894.jpg,2
train/0001895.jpg,2
train/0001896.jpg,0
train/0001897.jpg,0
train/0001898.jpg,2
train/0001900.jpg,1
train/0001901.jpg,0
train/0001902.jpg,2
train/0001903.jpg,0
train/0001904.jpg,2
train/0001905.jpg,2
train/0001906.jpg,1
train/0001907.jpg,1
train/0001909.jpg,1
train/0001910.jpg,0
train/0001911.jpg,0
train/0001912.jpg,0
train/0001913.jpg,0
train/0001914.jpg,1
train/0001915.jpg,0
train/0001916.jpg,0
train/0001917.jpg,0
train/0001918.jpg,2
train/0001919.jpg,3
train/0001920.jpg,0
train/0001921.jpg,1
train/0001922.jpg,3
train/0001924.jpg,2
train/0001926.jpg,0
train/0001929.jpg,1
train/0001930.jpg,2
train/0001931.jpg,1
train/0001934.jpg,1
train/0001935.jpg,3
train/0001936.jpg,1
train/0001937.jpg,1
train/0001938.jpg,3
train/0001939.jpg,2
train/0001940.jpg,3
train/0001942.jpg,2
train/0001943.jpg,0
train/0001944.jpg,3
train/0001945.jpg,3
train/0001947.jpg,0
train/0001948.jpg,0
train/0001949.jpg,0
train/0001950.jpg,0
train/0001951.jpg,0
train/0001953.jpg,0
train/0001954.jpg,2
train/0001955.jpg,2
train/0001956.jpg,2
train/0001957.jpg,2
train/0001958.jpg,1
train/0001959.jpg,2
train/0001960.jpg,3
train/0001961.jpg,2
train/0001962.jpg,3
train/0001963.jpg,0
train/0001964.jpg,2
train/0001965.jpg,1
train/0001967.jpg,3
train/0001968.jpg,0
train/0001969.jpg,0
train/0001970.jpg,2
train/0001971.jpg,2
train/0001973.jpg,1
train/0001974.jpg,1
train/0001975.jpg,3
train/0001976.jpg,3
train/0001977.jpg,3
train/0001978.jpg,1
train/0001979.jpg,2
train/0001980.jpg,2
train/0001982.jpg,3
train/0001983.jpg,2
train/0001984.jpg,0
train/0001985.jpg,2
train/0001986.jpg,3
train/0001987.jpg,0
train/0001989.jpg,2
train/0001990.jpg,2
train/0001992.jpg,1
train/0001993.jpg,3
train/0001994.jpg,2
train/0001995.jpg,1
train/0001996.jpg,1
train/0001997.jpg,3
train/0001998.jpg,3
train/0001999.jpg,3
train/0002001.jpg,3
train/0002002.jpg,0
train/0002003.jpg,3
train/0002004.jpg,3
train/0002006.jpg,2
train/0002007.jpg,3
train/0002009.jpg,1
train/0002010.jpg,1
train/0002011.jpg,0
train/0002012.jpg,2
train/0002013.jpg,2
train/0002014.jpg,1
train/0002015.jpg,3
train/0002016.jpg,1
train/0002017.jpg,1
train/0002018.jpg,3
train/0002019.jpg,2
train/0002020.jpg,2
train/0002021.jpg,2
train/0002022.jpg,1
train/0002024.jpg,3
train/0002025.jpg,0
train/0002026.jpg,3
train/0002027.jpg,0
train/0002028.jpg,0
train/0002029.jpg,1
train/0002030.jpg,0
train/0002031.jpg,1
train/0002032.jpg,0
train/0002033.jpg,1
train/0002035.jpg,2
train/0002037.jpg,2
train/0002039.jpg,2
train/0002041.jpg,2
train/0002043.jpg,2
train/0002044.jpg,1
train/0002045.jpg,1
train/0002047.jpg,2
train/0002048.jpg,2
train/0002049.jpg,1
train/0002050.jpg,3
train/0002051.jpg,3
train/0002052.jpg,2
train/0002053.jpg,1
train/0002054.jpg,3
train/0002055.jpg,2
train/0002056.jpg,1
train/0002057.jpg,1
train/0002060.jpg,2
train/0002061.jpg,0
train/0002063.jpg,0
train/0002064.jpg,0
train/0002065.jpg,1
train/0002066.jpg,3
train/0002067.jpg,3
train/0002069.jpg,0
train/0002070.jpg,1
train/0002071.jpg,1
train/0002072.jpg,0
train/0002073.jpg,3
train/0002074.jpg,3
train/0002075.jpg,2
train/0002077.jpg,1
train/0002078.jpg,2
train/0002079.jpg,0
train/0002080.jpg,0
train/0002081.jpg,1
train/0002082.jpg,3
train/0002083.jpg,2
train/0002084.jpg,1
train/0002087.jpg,0
train/0002088.jpg,1
train/0002089.jpg,2
train/0002090.jpg,0
train/0002091.jpg,2
train/0002092.jpg,2
train/0002093.jpg,2
train/0002094.jpg,1
train/0002095.jpg,2
train/0002098.jpg,2
train/0002099.jpg,2
train/0002100.jpg,2
train/0002101.jpg,3
train/0002102.jpg,3
train/0002103.jpg,1
train/0002104.jpg,0
train/0002105.jpg,2
train/0002106.jpg,3
train/0002107.jpg,2
train/0002108.jpg,1
train/0002109.jpg,2
train/0002110.jpg,1
train/0002112.jpg,3
train/0002113.jpg,3
train/0002114.jpg,0
train/0002115.jpg,1
train/0002116.jpg,3
train/0002117.jpg,3
train/0002118.jpg,3
train/0002119.jpg,0
train/0002120.jpg,3
train/0002121.jpg,2
train/0002122.jpg,1
train/0002125.jpg,0
train/0002126.jpg,1
train/0002127.jpg,3
train/0002128.jpg,1
train/0002129.jpg,3
train/0002133.jpg,2
train/0002134.jpg,2
train/0002135.jpg,2
train/0002136.jpg,3
train/0002138.jpg,0
train/0002139.jpg,1
train/0002140.jpg,1
train/0002141.jpg,3
train/0002142.jpg,3
train/0002143.jpg,2
train/0002144.jpg,2
train/0002145.jpg,0
train/0002147.jpg,3
train/0002149.jpg,1
train/0002152.jpg,2
train/0002153.jpg,0
train/0002154.jpg,1
train/0002155.jpg,3
train/0002156.jpg,2
train/0002157.jpg,2
train/0002158.jpg,1
train/0002159.jpg,3
train/0002160.jpg,0
train/0002161.jpg,2
train/0002162.jpg,3
train/0002163.jpg,1
train/0002164.jpg,1
train/0002167.jpg,1
train/0002168.jpg,1
train/0002169.jpg,0
train/0002170.jpg,1
train/0002171.jpg,0
train/0002172.jpg,2
train/0002173.jpg,1
train/0002174.jpg,3
train/0002176.jpg,1
train/0002177.jpg,0
train/0002178.jpg,0
train/0002180.jpg,2
train/0002181.jpg,2
train/0002182.jpg,2
train/0002183.jpg,2
train/0002184.jpg,1
train/0002185.jpg,0
train/0002186.jpg,1
train/0002187.jpg,3
train/0002189.jpg,0
train/0002191.jpg,0
train/0002193.jpg,0
train/0002194.jpg,2
train/0002195.jpg,3
train/0002196.jpg,1
train/0002197.jpg,2
train/0002198.jpg,3
train/0002199.jpg,1
train/0002200.jpg,3
train/0002202.jpg,0
train/0002203.jpg,1
train/0002204.jpg,2
train/0002205.jpg,3
train/0002206.jpg,3
train/0002207.jpg,3
train/0002208.jpg,3
train/0002209.jpg,2
train/0002210.jpg,3
train/0002211.jpg,3
train/0002212.jpg,1
train/0002213.jpg,3
train/0002214.jpg,1
train/0002215.jpg,3
train/0002216.jpg,3
train/0002217.jpg,0
train/0002218.jpg,3
train/0002219.jpg,2
train/0002220.jpg,3
train/0002221.jpg,0
train/0002222.jpg,1
train/0002223.jpg,3
train/0002225.jpg,2
train/0002226.jpg,2
train/0002230.jpg,1
train/0002231.jpg,0
train/0002234.jpg,2
train/0002235.jpg,1
train/0002236.jpg,1
train/0002237.jpg,2
train/0002238.jpg,0
train/0002239.jpg,1
train/0002240.jpg,2
train/0002241.jpg,0
train/0002242.jpg,2
train/0002243.jpg,2
train/0002244.jpg,3
train/0002246.jpg,2
train/0002247.jpg,0
train/0002249.jpg,1
train/0002251.jpg,3
train/0002253.jpg,1
train/0002254.jpg,3
train/0002255.jpg,0
train/0002256.jpg,0
train/0002257.jpg,0
train/0002258.jpg,1
train/0002259.jpg,3
train/0002261.jpg,1
train/0002262.jpg,3
train/0002264.jpg,1
train/0002266.jpg,0
train/0002268.jpg,1
train/0002269.jpg,0
train/0002271.jpg,0
train/0002272.jpg,3
train/0002273.jpg,1
train/0002274.jpg,3
train/0002276.jpg,3
train/0002277.jpg,1
train/0002278.jpg,2
train/0002279.jpg,0
train/0002281.jpg,0
train/0002283.jpg,3
train/0002284.jpg,1
train/0002285.jpg,2
train/0002287.jpg,3
train/0002288.jpg,0
train/0002289.jpg,2
train/0002290.jpg,2
train/0002291.jpg,1
train/0002292.jpg,2
train/0002294.jpg,0
train/0002295.jpg,0
train/0002296.jpg,2
train/0002297.jpg,2
train/0002298.jpg,3
train/0002299.jpg,3
train/0002301.jpg,0
train/0002302.jpg,3
train/0002304.jpg,1
train/0002306.jpg,3
train/0002307.jpg,2
train/0002308.jpg,3
train/0002309.jpg,3
train/0002310.jpg,0
train/0002311.jpg,2
train/0002312.jpg,2
train/0002313.jpg,2
train/0002315.jpg,0
train/0002316.jpg,2
train/0002317.jpg,3
train/0002319.jpg,3
train/0002320.jpg,3
train/0002322.jpg,3
train/0002323.jpg,1
train/0002324.jpg,1
train/0002325.jpg,0
train/0002326.jpg,2
train/0002327.jpg,0
train/0002329.jpg,3
train/0002330.jpg,2
train/0002331.jpg,2
train/0002332.jpg,0
train/0002333.jpg,3
train/0002334.jpg,1
train/0002337.jpg,0
train/0002338.jpg,3
train/0002339.jpg,0
train/0002340.jpg,0
train/0002341.jpg,2
train/0002342.jpg,1
train/0002343.jpg,3
train/0002344.jpg,1
train/0002346.jpg,3
train/0002348.jpg,1
train/0002349.jpg,2
train/0002350.jpg,3
train/0002352.jpg,1
train/0002353.jpg,0
train/0002354.jpg,2
train/0002355.jpg,2
train/0002356.jpg,3
train/0002357.jpg,1
train/0002358.jpg,1
train/0002360.jpg,0
train/0002361.jpg,0
train/0002363.jpg,1
train/0002364.jpg,1
train/0002365.jpg,2
train/0002366.jpg,1
train/0002367.jpg,0
train/0002368.jpg,0
train/0002369.jpg,0
train/0002370.jpg,2
train/0002371.jpg,1
train/0002373.jpg,0
train/0002374.jpg,2
train/0002375.jpg,3
train/0002376.jpg,3
train/0002377.jpg,1
train/0002378.jpg,1
train/0002379.jpg,1
train/0002380.jpg,0
train/0002381.jpg,2
train/0002382.jpg,0
train/0002384.jpg,2
train/0002385.jpg,1
train/0002386.jpg,1
train/0002387.jpg,1
train/0002388.jpg,3
train/0002389.jpg,0
train/0002390.jpg,0
train/0002392.jpg,0
train/0002393.jpg,1
train/0002394.jpg,3
train/0002395.jpg,2
train/0002398.jpg,0
train/0002399.jpg,2
train/0002400.jpg,1
train/0002401.jpg,3
train/0002402.jpg,0
train/0002403.jpg,2
train/0002405.jpg,3
train/0002407.jpg,2
train/0002408.jpg,1
train/0002409.jpg,0
train/0002410.jpg,0
train/0002411.jpg,2
train/0002413.jpg,0
train/0002414.jpg,3
train/0002415.jpg,3
train/0002416.jpg,0
train/0002417.jpg,1
train/0002418.jpg,0
train/0002420.jpg,1
train/0002421.jpg,1
train/0002422.jpg,2
train/0002423.jpg,2
train/0002424.jpg,1
train/0002425.jpg,0
train/0002427.jpg,0
train/0002428.jpg,0
train/0002429.jpg,3
train/0002430.jpg,2
train/0002432.jpg,0
train/0002433.jpg,2
train/0002434.jpg,3
train/0002436.jpg,2
train/0002437.jpg,2
train/0002438.jpg,3
train/0002439.jpg,2
train/0002440.jpg,2
train/0002442.jpg,2
train/0002443.jpg,0
train/0002444.jpg,0
train/0002445.jpg,1
train/0002446.jpg,0
train/0002447.jpg,2
train/0002448.jpg,3
train/0002450.jpg,1
train/0002452.jpg,2
train/0002454.jpg,1
train/0002455.jpg,2
train/0002457.jpg,2
train/0002458.jpg,3
train/0002459.jpg,3
train/0002461.jpg,1
train/0002462.jpg,2
train/0002463.jpg,2
train/0002464.jpg,1
train/0002466.jpg,2
train/0002468.jpg,1
train/0002469.jpg,0
train/0002470.jpg,2
train/0002471.jpg,2
train/0002473.jpg,1
train/0002474.jpg,3
train/0002475.jpg,0
train/0002476.jpg,3
train/0002477.jpg,0
train/0002478.jpg,0
train/0002479.jpg,1
train/0002480.jpg,1
train/0002481.jpg,0
train/0002482.jpg,0
train/0002484.jpg,1
train/0002485.jpg,0
train/0002487.jpg,2
train/0002489.jpg,2
train/0002490.jpg,0
train/0002491.jpg,0
train/0002492.jpg,1
train/0002493.jpg,0
train/0002497.jpg,2
train/0002498.jpg,2
train/0002499.jpg,2
train/0002501.jpg,1
train/0002502.jpg,0
train/0002503.jpg,3
train/0002504.jpg,0
train/0002505.jpg,3
train/0002507.jpg,2
train/0002508.jpg,3
train/0002509.jpg,2
train/0002510.jpg,3
train/0002511.jpg,3
train/0002512.jpg,3
train/0002513.jpg,3
train/0002514.jpg,0
train/0002515.jpg,0
train/0002516.jpg,3
train/0002517.jpg,1
train/0002518.jpg,1
train/0002519.jpg,2
train/0002520.jpg,1
train/0002521.jpg,1
train/0002524.jpg,2
train/0002529.jpg,0
train/0002530.jpg,0
train/0002531.jpg,2
train/0002532.jpg,3
train/0002535.jpg,1
train/0002537.jpg,2
train/0002538.jpg,3
train/0002539.jpg,1
train/0002540.jpg,1
train/0002542.jpg,1
train/0002543.jpg,3
train/0002546.jpg,1
train/0002548.jpg,0
train/0002549.jpg,3
train/0002550.jpg,1
train/0002551.jpg,0
train/0002552.jpg,3
train/0002553.jpg,1
train/0002556.jpg,2
train/0002557.jpg,2
train/0002558.jpg,2
train/0002559.jpg,2
train/0002560.jpg,1
train/0002561.jpg,0
train/0002562.jpg,3
train/0002563.jpg,2
train/0002564.jpg,0
train/0002565.jpg,1
train/0002566.jpg,0
train/0002567.jpg,1
train/0002568.jpg,0
train/0002569.jpg,1
train/0002570.jpg,1
train/0002573.jpg,2
train/0002575.jpg,0
train/0002576.jpg,3
train/0002577.jpg,1
train/0002578.jpg,3
train/0002580.jpg,3
train/0002581.jpg,1
train/0002582.jpg,3
train/0002583.jpg,3
train/0002585.jpg,2
train/0002586.jpg,0
train/0002587.jpg,1
train/0002588.jpg,0
train/0002589.jpg,2
train/0002590.jpg,2
train/0002591.jpg,2
train/0002592.jpg,2
train/0002594.jpg,1
train/0002595.jpg,2
train/0002596.jpg,1
train/0002598.jpg,0
train/0002600.jpg,2
train/0002601.jpg,1
train/0002604.jpg,1
train/0002605.jpg,2
train/0002606.jpg,0
train/0002607.jpg,1
train/0002608.jpg,2
train/0002609.jpg,3
train/0002610.jpg,1
train/0002611.jpg,2
train/0002612.jpg,0
train/0002614.jpg,2
train/0002616.jpg,0
train/0002617.jpg,2
train/0002618.jpg,2
train/0002619.jpg,1
train/0002620.jpg,0
train/0002621.jpg,2
train/0002623.jpg,1
train/0002624.jpg,3
train/0002626.jpg,2
train/0002627.jpg,2
train/0002629.jpg,3
train/0002630.jpg,3
train/0002631.jpg,1
train/0002632.jpg,1
train/0002633.jpg,0
train/0002634.jpg,2
train/0002635.jpg,2
train/0002637.jpg,3
train/0002638.jpg,0
train/0002639.jpg,2
train/0002640.jpg,1
train/0002642.jpg,2
train/0002643.jpg,1
train/0002644.jpg,1
train/0002645.jpg,2
train/0002646.jpg,0
train/0002647.jpg,1
train/0002648.jpg,1
train/0002649.jpg,2
train/0002650.jpg,3
train/0002651.jpg,2
train/0002653.jpg,2
train/0002654.jpg,2
train/0002655.jpg,0
train/0002656.jpg,1
train/0002657.jpg,0
train/0002658.jpg,1
train/0002660.jpg,0
train/0002661.jpg,2
train/0002662.jpg,0
train/0002663.jpg,0
train/0002664.jpg,2
train/0002665.jpg,2
train/0002666.jpg,2
train/0002667.jpg,1
train/0002668.jpg,0
train/0002669.jpg,2
train/0002670.jpg,0
train/0002672.jpg,2
train/0002674.jpg,2
train/0002675.jpg,0
train/0002677.jpg,2
train/0002680.jpg,2
train/0002682.jpg,0
train/0002683.jpg,3
train/0002684.jpg,3
train/0002685.jpg,3
train/0002687.jpg,3
train/0002689.jpg,0
train/0002691.jpg,2
train/0002692.jpg,3
train/0002693.jpg,2
train/0002694.jpg,2
train/0002695.jpg,1
train/0002696.jpg,0
train/0002697.jpg,1
train/0002698.jpg,2
train/0002699.jpg,3
train/0002700.jpg,2
train/0002701.jpg,0
train/0002702.jpg,0
train/0002703.jpg,0
train/0002706.jpg,2
train/0002707.jpg,2
train/0002708.jpg,3
train/0002709.jpg,3
train/0002711.jpg,2
train/0002712.jpg,1
train/0002713.jpg,1
train/0002714.jpg,0
train/0002715.jpg,2
train/0002716.jpg,3
train/0002717.jpg,0
train/0002718.jpg,3
train/0002719.jpg,0
train/0002720.jpg,3
train/0002721.jpg,3
train/0002722.jpg,2
train/0002723.jpg,3
train/0002724.jpg,1
train/0002725.jpg,3
train/0002726.jpg,0
train/0002727.jpg,2
train/0002728.jpg,3
train/0002729.jpg,2
train/0002730.jpg,3
train/0002732.jpg,2
train/0002735.jpg,2
train/0002736.jpg,2
train/0002737.jpg,2
train/0002738.jpg,1
train/0002740.jpg,0
train/0002741.jpg,1
train/0002744.jpg,2
train/0002746.jpg,1
train/0002747.jpg,1
train/0002748.jpg,3
train/0002749.jpg,0
train/0002750.jpg,1
train/0002751.jpg,0
train/0002752.jpg,2
train/0002753.jpg,0
train/0002755.jpg,0
train/0002757.jpg,2
train/0002758.jpg,0
train/0002759.jpg,2
train/0002760.jpg,0
train/0002761.jpg,0
train/0002762.jpg,0
train/0002764.jpg,3
train/0002765.jpg,3
train/0002766.jpg,3
train/0002767.jpg,2
train/0002768.jpg,3
train/0002769.jpg,0
train/0002770.jpg,0
train/0002771.jpg,2
train/0002773.jpg,3
train/0002774.jpg,3
train/0002775.jpg,3
train/0002776.jpg,2
train/0002777.jpg,2
train/0002780.jpg,3
train/0002781.jpg,2
train/0002782.jpg,0
train/0002783.jpg,0
train/0002785.jpg,3
train/0002786.jpg,0
train/0002787.jpg,2
train/0002790.jpg,3
train/0002791.jpg,2
train/0002792.jpg,1
train/0002793.jpg,1
train/0002794.jpg,3
train/0002795.jpg,2
train/0002796.jpg,2
train/0002798.jpg,1
train/0002799.jpg,3
train/0002800.jpg,1
train/0002802.jpg,3
train/0002803.jpg,3
train/0002804.jpg,1
train/0002805.jpg,2
train/0002806.jpg,1
train/0002807.jpg,0
train/0002808.jpg,2
train/0002809.jpg,3
train/0002810.jpg,0
train/0002811.jpg,0
train/0002812.jpg,2
train/0002814.jpg,0
train/0002815.jpg,3
train/0002817.jpg,2
train/0002818.jpg,3
train/0002819.jpg,3
train/0002820.jpg,2
train/0002821.jpg,2
train/0002822.jpg,0
train/0002823.jpg,1
train/0002824.jpg,3
train/0002825.jpg,2
train/0002826.jpg,2
train/0002827.jpg,0
train/0002828.jpg,2
train/0002829.jpg,2
train/0002830.jpg,2
train/0002832.jpg,1
train/0002833.jpg,0
train/0002835.jpg,2
train/0002836.jpg,2
train/0002837.jpg,3
train/0002838.jpg,1
train/0002839.jpg,3
train/0002840.jpg,2
train/0002841.jpg,2
train/0002842.jpg,2
train/0002843.jpg,1
train/0002844.jpg,0
train/0002846.jpg,3
train/0002847.jpg,0
train/0002848.jpg,0
train/0002850.jpg,2
train/0002851.jpg,0
train/0002852.jpg,1
train/0002853.jpg,1
train/0002854.jpg,2
train/0002856.jpg,1
train/0002857.jpg,1
train/0002858.jpg,1
train/0002861.jpg,0
train/0002862.jpg,2
train/0002863.jpg,0
train/0002866.jpg,1
train/0002867.jpg,3
train/0002869.jpg,2
train/0002870.jpg,0
train/0002871.jpg,0
train/0002873.jpg,1
train/0002874.jpg,1
train/0002876.jpg,0
train/0002877.jpg,2
train/0002878.jpg,0
train/0002879.jpg,2
train/0002880.jpg,2
train/0002881.jpg,1
train/0002882.jpg,2
train/0002883.jpg,3
train/0002884.jpg,3
train/0002885.jpg,2
train/0002886.jpg,3
train/0002888.jpg,3
train/0002889.jpg,1
train/0002891.jpg,0
train/0002892.jpg,2
train/0002895.jpg,0
train/0002896.jpg,0
train/0002897.jpg,0
train/0002899.jpg,1
train/0002900.jpg,2
train/0002903.jpg,2
train/0002904.jpg,1
train/0002905.jpg,1
train/0002906.jpg,1
train/0002907.jpg,2
train/0002908.jpg,3
train/0002909.jpg,0
train/0002912.jpg,1
train/0002913.jpg,2
train/0002914.jpg,1
train/0002916.jpg,0
train/0002917.jpg,3
train/0002920.jpg,3
train/0002921.jpg,3
train/0002922.jpg,3
train/0002923.jpg,3
train/0002924.jpg,1
train/0002925.jpg,1
train/0002926.jpg,3
train/0002927.jpg,2
train/0002928.jpg,3
train/0002929.jpg,1
train/0002930.jpg,3
train/0002932.jpg,3
train/0002936.jpg,1
train/0002937.jpg,0
train/0002938.jpg,2
train/0002939.jpg,0
train/0002940.jpg,0
train/0002941.jpg,3
train/0002943.jpg,0
train/0002944.jpg,1
train/0002945.jpg,3
train/0002946.jpg,3
train/0002947.jpg,0
train/0002948.jpg,1
train/0002949.jpg,0
train/0002950.jpg,2
train/0002951.jpg,1
train/0002952.jpg,1
train/0002953.jpg,1
train/0002954.jpg,0
train/0002955.jpg,1
train/0002956.jpg,2
train/0002957.jpg,3
train/0002958.jpg,1
train/0002960.jpg,0
train/0002961.jpg,3
train/0002962.jpg,1
train/0002963.jpg,2
train/0002966.jpg,0
train/0002967.jpg,2
train/0002968.jpg,3
train/0002969.jpg,1
train/0002970.jpg,3
train/0002973.jpg,3
train/0002974.jpg,0
train/0002975.jpg,1
train/0002977.jpg,2
train/0002982.jpg,3
train/0002983.jpg,1
train/0002984.jpg,3
train/0002988.jpg,0
train/0002989.jpg,3
train/0002991.jpg,2
train/0002993.jpg,1
train/0002994.jpg,0
train/0002996.jpg,2
train/0002997.jpg,0
train/0002999.jpg,2
train/0003000.jpg,2
train/0003001.jpg,3
train/0003002.jpg,3
train/0003004.jpg,3
train/0003006.jpg,2
train/0003007.jpg,1
train/0003008.jpg,2
train/0003009.jpg,0
train/0003010.jpg,1
train/0003011.jpg,1
train/0003012.jpg,2
train/0003013.jpg,1
train/0003014.jpg,2
train/0003015.jpg,2
train/0003016.jpg,2
train/0003018.jpg,1
train/0003020.jpg,0
train/0003021.jpg,3
train/0003024.jpg,1
train/0003025.jpg,2
train/0003026.jpg,2
train/0003027.jpg,3
train/0003028.jpg,2
train/0003029.jpg,2
train/0003030.jpg,3
train/0003031.jpg,3
train/0003032.jpg,2
train/0003033.jpg,3
train/0003034.jpg,0
train/0003036.jpg,1
train/0003037.jpg,3
train/0003038.jpg,1
train/0003040.jpg,0
train/0003041.jpg,1
train/0003042.jpg,3
train/0003043.jpg,1
train/0003044.jpg,0
train/0003045.jpg,3
train/0003046.jpg,0
train/0003047.jpg,2
train/0003048.jpg,1
train/0003049.jpg,3
train/0003050.jpg,2
train/0003051.jpg,1
train/0003052.jpg,1
train/0003053.jpg,3
train/0003056.jpg,0
train/0003057.jpg,3
train/0003058.jpg,2
train/0003059.jpg,1
train/0003061.jpg,1
train/0003062.jpg,3
train/0003064.jpg,3
train/0003065.jpg,0
train/0003067.jpg,1
train/0003068.jpg,2
train/0003069.jpg,3
train/0003070.jpg,0
train/0003071.jpg,1
train/0003072.jpg,3
train/0003073.jpg,3
train/0003074.jpg,3
train/0003075.jpg,3
train/0003076.jpg,3
train/0003077.jpg,0
train/0003078.jpg,0
train/0003079.jpg,1
train/0003080.jpg,0
train/0003081.jpg,1
train/0003084.jpg,3
train/0003085.jpg,1
train/0003086.jpg,2
train/0003088.jpg,3
train/0003090.jpg,2
train/0003091.jpg,3
train/0003092.jpg,0
train/0003094.jpg,3
train/0003095.jpg,0
train/0003096.jpg,1
train/0003097.jpg,0
train/0003098.jpg,3
train/0003099.jpg,2
train/0003101.jpg,1
train/0003102.jpg,1
train/0003103.jpg,2
train/0003104.jpg,3
train/0003108.jpg,2
train/0003112.jpg,2
train/0003114.jpg,3
train/0003115.jpg,2
train/0003116.jpg,1
train/0003118.jpg,1
train/0003119.jpg,1
train/0003120.jpg,1
train/0003121.jpg,1
train/0003122.jpg,1
train/0003123.jpg,1
train/0003124.jpg,3
train/0003125.jpg,0
train/0003126.jpg,3
train/0003127.jpg,2
train/0003129.jpg,2
train/0003130.jpg,2
train/0003131.jpg,2
train/0003132.jpg,3
train/0003134.jpg,1
train/0003135.jpg,0
train/0003136.jpg,2
train/0003137.jpg,2
train/0003138.jpg,3
train/0003139.jpg,3
train/0003140.jpg,1
train/0003142.jpg,1
train/0003144.jpg,1
train/0003145.jpg,3
train/0003146.jpg,1
train/0003147.jpg,2
train/0003148.jpg,1
train/0003149.jpg,3
train/0003150.jpg,0
train/0003151.jpg,2
train/0003152.jpg,3
train/0003153.jpg,1
train/0003154.jpg,1
train/0003155.jpg,1
train/0003156.jpg,0
train/0003157.jpg,0
train/0003158.jpg,0
train/0003159.jpg,0
train/0003160.jpg,0
train/0003161.jpg,0
train/0003162.jpg,0
train/0003164.jpg,2
train/0003165.jpg,2
train/0003170.jpg,2
train/0003171.jpg,0
train/0003172.jpg,3
train/0003173.jpg,0
train/0003174.jpg,3
train/0003175.jpg,0
train/0003176.jpg,2
train/0003177.jpg,2
train/0003178.jpg,3
train/0003179.jpg,2
train/0003181.jpg,0
train/0003182.jpg,2
train/0003183.jpg,3
train/0003184.jpg,2
train/0003185.jpg,0
train/0003187.jpg,3
train/0003188.jpg,0
train/0003189.jpg,1
train/0003190.jpg,2
train/0003191.jpg,1
train/0003192.jpg,2
train/0003193.jpg,1
train/0003195.jpg,3
train/0003196.jpg,2
train/0003197.jpg,0
train/0003198.jpg,2
train/0003199.jpg,0
train/0003200.jpg,2
train/0003201.jpg,2
train/0003202.jpg,2
train/0003203.jpg,3
train/0003204.jpg,1
train/0003205.jpg,2
train/0003206.jpg,3
train/0003207.jpg,2
train/0003208.jpg,0
train/0003209.jpg,0
train/0003210.jpg,1
train/0003211.jpg,1
train/0003212.jpg,2
train/0003213.jpg,2
train/0003214.jpg,0
train/0003216.jpg,3
train/0003219.jpg,2
train/0003220.jpg,1
train/0003221.jpg,3
train/0003222.jpg,0
train/0003223.jpg,3
train/0003224.jpg,1
train/0003226.jpg,0
train/0003227.jpg,0
train/0003228.jpg,3
train/0003229.jpg,0
train/0003230.jpg,1
train/0003231.jpg,1
train/0003232.jpg,0
train/0003233.jpg,3
train/0003234.jpg,1
train/0003235.jpg,2
train/0003236.jpg,3
train/0003237.jpg,3
train/0003238.jpg,3
train/0003239.jpg,3
train/0003240.jpg,3
train/0003241.jpg,0
train/0003243.jpg,3
train/0003244.jpg,1
train/0003246.jpg,3
train/0003247.jpg,0
train/0003248.jpg,2
train/0003249.jpg,1
train/0003250.jpg,1
train/0003252.jpg,1
train/0003253.jpg,1
train/0003254.jpg,1
train/0003255.jpg,3
train/0003256.jpg,3
train/0003258.jpg,1
train/0003259.jpg,3
train/0003260.jpg,0
train/0003262.jpg,0
train/0003263.jpg,0
train/0003264.jpg,2
train/0003266.jpg,3
train/0003268.jpg,3
train/0003269.jpg,3
train/0003270.jpg,1
train/0003271.jpg,2
train/0003272.jpg,3
train/0003273.jpg,1
train/0003274.jpg,0
train/0003275.jpg,1
train/0003276.jpg,0
train/0003277.jpg,1
train/0003278.jpg,2
train/0003279.jpg,3
train/0003280.jpg,0
train/0003281.jpg,0
train/0003282.jpg,1
train/0003285.jpg,3
train/0003286.jpg,0
train/0003287.jpg,2
train/0003289.jpg,1
train/0003290.jpg,0
train/0003291.jpg,1
train/0003292.jpg,2
train/0003294.jpg,1
train/0003296.jpg,3
train/0003297.jpg,2
train/0003298.jpg,2
train/0003300.jpg,1
train/0003301.jpg,3
train/0003302.jpg,1
train/0003303.jpg,0
train/0003305.jpg,3
train/0003306.jpg,1
train/0003307.jpg,2
train/0003308.jpg,2
train/0003309.jpg,0
train/0003310.jpg,0
train/0003311.jpg,0
train/0003312.jpg,1
train/0003314.jpg,0
train/0003316.jpg,3
train/0003318.jpg,2
train/0003320.jpg,1
train/0003321.jpg,2
train/0003323.jpg,3
train/0003324.jpg,0
train/0003325.jpg,3
train/0003326.jpg,1
train/0003328.jpg,0
train/0003329.jpg,3
train/0003330.jpg,1
train/0003332.jpg,3
train/0003333.jpg,0
train/0003335.jpg,1
train/0003336.jpg,1
train/0003338.jpg,1
train/0003339.jpg,1
train/0003340.jpg,1
train/0003341.jpg,2
train/0003342.jpg,2
train/0003343.jpg,3
train/0003344.jpg,1
train/0003346.jpg,1
train/0003347.jpg,3
train/0003348.jpg,3
train/0003349.jpg,1
train/0003350.jpg,1
train/0003352.jpg,0
train/0003353.jpg,2
train/0003356.jpg,1
train/0003357.jpg,3
train/0003358.jpg,3
train/0003360.jpg,1
train/0003361.jpg,0
train/0003363.jpg,1
train/0003364.jpg,1
train/0003365.jpg,1
train/0003366.jpg,2
train/0003367.jpg,0
train/0003368.jpg,0
train/0003369.jpg,2
train/0003370.jpg,2
train/0003371.jpg,2
train/0003372.jpg,0
train/0003373.jpg,0
train/0003374.jpg,1
train/0003375.jpg,1
train/0003376.jpg,1
train/0003379.jpg,3
train/0003380.jpg,2
train/0003381.jpg,0
train/0003382.jpg,1
train/0003384.jpg,3
train/0003385.jpg,0
train/0003386.jpg,0
train/0003387.jpg,3
train/0003388.jpg,1
train/0003390.jpg,0
train/0003391.jpg,3
train/0003393.jpg,0
train/0003394.jpg,1
train/0003395.jpg,1
train/0003396.jpg,2
train/0003397.jpg,3
train/0003398.jpg,2
train/0003399.jpg,2
train/0003400.jpg,2
train/0003401.jpg,0
train/0003402.jpg,3
train/0003403.jpg,2
train/0003405.jpg,0
train/0003407.jpg,3
train/0003409.jpg,2
train/0003410.jpg,2
train/0003414.jpg,1
train/0003415.jpg,0
train/0003416.jpg,3
train/0003417.jpg,3
train/0003418.jpg,0
train/0003419.jpg,1
train/0003420.jpg,0
train/0003421.jpg,1
train/0003422.jpg,3
train/0003423.jpg,3
train/0003424.jpg,1
train/0003425.jpg,2
train/0003426.jpg,1
train/0003429.jpg,1
train/0003430.jpg,3
train/0003431.jpg,3
train/0003432.jpg,1
train/0003433.jpg,2
train/0003434.jpg,0
train/0003435.jpg,3
train/0003436.jpg,1
train/0003437.jpg,2
train/0003438.jpg,0
train/0003439.jpg,2
train/0003442.jpg,3
train/0003443.jpg,3
train/0003444.jpg,0
train/0003445.jpg,1
train/0003447.jpg,1
train/0003448.jpg,0
train/0003449.jpg,1
train/0003450.jpg,2
train/0003452.jpg,0
train/0003453.jpg,0
train/0003454.jpg,1
train/0003456.jpg,2
train/0003457.jpg,0
train/0003459.jpg,0
train/0003460.jpg,1
train/0003461.jpg,2
train/0003463.jpg,2
train/0003464.jpg,0
train/0003465.jpg,3
train/0003466.jpg,0
train/0003467.jpg,0
train/0003469.jpg,1
train/0003470.jpg,0
train/0003471.jpg,2
train/0003472.jpg,0
train/0003473.jpg,2
train/0003474.jpg,1
train/0003475.jpg,0
train/0003476.jpg,3
train/0003477.jpg,0
train/0003478.jpg,3
train/0003479.jpg,3
train/0003480.jpg,1
train/0003481.jpg,3
train/0003482.jpg,3
train/0003484.jpg,2
train/0003485.jpg,2
train/0003486.jpg,2
train/0003487.jpg,2
train/0003488.jpg,0
train/0003489.jpg,0
train/0003490.jpg,0
train/0003491.jpg,0
train/0003492.jpg,3
train/0003493.jpg,0
train/0003495.jpg,0
train/0003496.jpg,3
train/0003500.jpg,0
train/0003501.jpg,3
train/0003502.jpg,0
train/0003503.jpg,3
train/0003504.jpg,2
train/0003505.jpg,3
train/0003506.jpg,0
train/0003507.jpg,3
train/0003508.jpg,1
train/0003510.jpg,1
train/0003511.jpg,1
train/0003512.jpg,1
train/0003513.jpg,3
train/0003514.jpg,3
train/0003515.jpg,0
train/0003516.jpg,1
train/0003517.jpg,2
train/0003519.jpg,3
train/0003520.jpg,2
train/0003522.jpg,1
train/0003523.jpg,0
train/0003525.jpg,0
train/0003528.jpg,1
train/0003529.jpg,0
train/0003530.jpg,3
train/0003531.jpg,0
train/0003532.jpg,2
train/0003533.jpg,0
train/0003534.jpg,2
train/0003535.jpg,3
train/0003536.jpg,0
train/0003537.jpg,2
train/0003538.jpg,3
train/0003539.jpg,2
train/0003540.jpg,3
train/0003541.jpg,3
train/0003542.jpg,2
train/0003543.jpg,2
train/0003544.jpg,1
train/0003545.jpg,1
train/0003546.jpg,3
train/0003547.jpg,2
train/0003548.jpg,0
train/0003551.jpg,1
train/0003552.jpg,0
train/0003554.jpg,2
train/0003555.jpg,3
train/0003556.jpg,1
train/0003557.jpg,3
train/0003558.jpg,0
train/0003559.jpg,3
train/0003560.jpg,1
train/0003561.jpg,3
train/0003562.jpg,2
train/0003564.jpg,3
train/0003565.jpg,1
train/0003566.jpg,1
train/0003567.jpg,0
train/0003568.jpg,0
train/0003569.jpg,1
train/0003570.jpg,3
train/0003571.jpg,3
train/0003572.jpg,1
train/0003573.jpg,2
train/0003575.jpg,3
train/0003576.jpg,3
train/0003577.jpg,1
train/0003578.jpg,0
train/0003580.jpg,3
train/0003581.jpg,3
train/0003583.jpg,1
train/0003584.jpg,1
train/0003585.jpg,0
train/0003586.jpg,0
train/0003588.jpg,1
train/0003589.jpg,0
train/0003590.jpg,0
train/0003591.jpg,1
train/0003594.jpg,2
train/0003595.jpg,0
train/0003597.jpg,2
train/0003599.jpg,1
train/0003600.jpg,3
train/0003601.jpg,1
train/0003602.jpg,1
train/0003603.jpg,1
train/0003604.jpg,3
train/0003606.jpg,2
train/0003607.jpg,2
train/0003608.jpg,3
train/0003609.jpg,0
train/0003610.jpg,3
train/0003611.jpg,2
train/0003612.jpg,0
train/0003613.jpg,1
train/0003614.jpg,0
train/0003615.jpg,1
train/0003617.jpg,0
train/0003618.jpg,2
train/0003619.jpg,2
train/0003621.jpg,1
train/0003622.jpg,1
train/0003623.jpg,0
train/0003624.jpg,0
train/0003625.jpg,3
train/0003628.jpg,2
train/0003629.jpg,1
train/0003630.jpg,3
train/0003631.jpg,3
train/0003634.jpg,1
train/0003635.jpg,1
train/0003636.jpg,3
train/0003637.jpg,0
train/0003638.jpg,0
train/0003640.jpg,1
train/0003642.jpg,1
train/0003643.jpg,3
train/0003644.jpg,3
train/0003645.jpg,0
train/0003646.jpg,3
train/0003647.jpg,3
train/0003648.jpg,1
train/0003649.jpg,1
train/0003650.jpg,3
train/0003653.jpg,0
train/0003654.jpg,0
train/0003655.jpg,2
train/0003656.jpg,0
train/0003657.jpg,3
train/0003658.jpg,3
train/0003659.jpg,2
train/0003660.jpg,3
train/0003662.jpg,1
train/0003664.jpg,2
train/0003665.jpg,3
train/0003666.jpg,0
train/0003667.jpg,1
train/0003668.jpg,3
train/0003671.jpg,1
train/0003673.jpg,2
train/0003674.jpg,0
train/0003676.jpg,3
train/0003677.jpg,3
train/0003679.jpg,3
train/0003681.jpg,0
train/0003683.jpg,0
train/0003684.jpg,1
train/0003685.jpg,3
train/0003686.jpg,3
train/0003687.jpg,1
train/0003689.jpg,2
train/0003690.jpg,2
train/0003691.jpg,2
train/0003692.jpg,2
train/0003694.jpg,0
train/0003696.jpg,0
train/0003697.jpg,2
train/0003698.jpg,2
train/0003699.jpg,0
train/0003700.jpg,3
train/0003701.jpg,0
train/0003702.jpg,0
train/0003703.jpg,0
train/0003704.jpg,0
train/0003705.jpg,0
train/0003706.jpg,3
train/0003707.jpg,2
train/0003708.jpg,2
train/0003710.jpg,0
train/0003711.jpg,0
train/0003712.jpg,2
train/0003713.jpg,0
train/0003714.jpg,2
train/0003715.jpg,0
train/0003716.jpg,3
train/0003717.jpg,3
train/0003718.jpg,2
train/0003719.jpg,0
train/0003720.jpg,3
train/0003721.jpg,1
train/0003722.jpg,0
train/0003724.jpg,2
train/0003725.jpg,1
train/0003726.jpg,0
train/0003727.jpg,0
train/0003728.jpg,2
train/0003729.jpg,1
train/0003730.jpg,2
train/0003731.jpg,0
train/0003732.jpg,1
train/0003733.jpg,0
train/0003735.jpg,3
train/0003736.jpg,0
train/0003737.jpg,3
train/0003739.jpg,2
train/0003740.jpg,1
train/0003741.jpg,0
train/0003742.jpg,0
train/0003743.jpg,2
train/0003744.jpg,2
train/0003745.jpg,0
train/0003746.jpg,3
train/0003747.jpg,3
train/0003748.jpg,3
train/0003749.jpg,0
train/0003750.jpg,1
train/0003753.jpg,1
train/0003755.jpg,1
train/0003756.jpg,1
train/0003757.jpg,1
train/0003758.jpg,0
train/0003759.jpg,1
train/0003760.jpg,1
train/0003761.jpg,0
train/0003762.jpg,3
train/0003763.jpg,2
train/0003764.jpg,2
train/0003766.jpg,3
train/0003767.jpg,3
train/0003768.jpg,2
train/0003769.jpg,2
train/0003771.jpg,0
train/0003772.jpg,2
train/0003773.jpg,1
train/0003776.jpg,0
train/0003778.jpg,1
train/0003780.jpg,2
train/0003781.jpg,3
train/0003783.jpg,0
train/0003784.jpg,1
train/0003785.jpg,1
train/0003786.jpg,3
train/0003787.jpg,2
train/0003789.jpg,2
train/0003790.jpg,1
train/0003791.jpg,2
train/0003792.jpg,3
train/0003793.jpg,2
train/0003794.jpg,2
train/0003795.jpg,2
train/0003796.jpg,3
train/0003797.jpg,2
train/0003798.jpg,3
train/0003799.jpg,3
train/0003800.jpg,1
train/0003802.jpg,1
train/0003804.jpg,2
train/0003805.jpg,1
train/0003806.jpg,3
train/0003807.jpg,1
train/0003808.jpg,1
train/0003810.jpg,2
train/0003811.jpg,2
train/0003812.jpg,3
train/0003813.jpg,2
train/0003815.jpg,2
train/0003816.jpg,1
train/0003817.jpg,0
train/0003818.jpg,0
train/0003819.jpg,0
train/0003820.jpg,2
train/0003821.jpg,1
train/0003822.jpg,3
train/0003823.jpg,0
train/0003824.jpg,0
train/0003825.jpg,0
train/0003827.jpg,1
train/0003828.jpg,1
train/0003829.jpg,2
train/0003830.jpg,0
train/0003831.jpg,0
train/0003832.jpg,3
train/0003833.jpg,0
train/0003834.jpg,3
train/0003836.jpg,1
train/0003837.jpg,3
train/0003838.jpg,1
train/0003839.jpg,0
train/0003840.jpg,1
train/0003841.jpg,0
train/0003842.jpg,0
train/0003843.jpg,1
train/0003844.jpg,2
train/0003845.jpg,3
train/0003847.jpg,3
train/0003848.jpg,3
train/0003849.jpg,0
train/0003850.jpg,2
train/0003853.jpg,1
train/0003854.jpg,1
train/0003855.jpg,3
train/0003856.jpg,1
train/0003857.jpg,1
train/0003858.jpg,0
train/0003860.jpg,3
train/0003861.jpg,1
train/0003862.jpg,0
train/0003864.jpg,0
train/0003865.jpg,3
train/0003866.jpg,0
train/0003867.jpg,0
train/0003868.jpg,2
train/0003869.jpg,3
train/0003870.jpg,2
train/0003871.jpg,0
train/0003872.jpg,2
train/0003873.jpg,2
train/0003875.jpg,3
train/0003876.jpg,1
train/0003877.jpg,1
train/0003878.jpg,1
train/0003879.jpg,1
train/0003881.jpg,1
train/0003882.jpg,2
train/0003883.jpg,3
train/0003885.jpg,0
train/0003886.jpg,1
train/0003887.jpg,3
train/0003888.jpg,3
train/0003889.jpg,1
train/0003890.jpg,2
train/0003891.jpg,2
train/0003892.jpg,2
train/0003893.jpg,0
train/0003895.jpg,0
train/0003897.jpg,3
train/0003898.jpg,3
train/0003899.jpg,1
train/0003900.jpg,3
train/0003902.jpg,0
train/0003903.jpg,3
train/0003904.jpg,3
train/0003905.jpg,3
train/0003906.jpg,1
train/0003907.jpg,1
train/0003908.jpg,0
train/0003909.jpg,2
train/0003910.jpg,3
train/0003911.jpg,3
train/0003912.jpg,2
train/0003913.jpg,1
train/0003914.jpg,1
train/0003915.jpg,0
train/0003916.jpg,3
train/0003917.jpg,1
train/0003918.jpg,3
train/0003919.jpg,1
train/0003920.jpg,0
train/0003921.jpg,3
train/0003923.jpg,3
train/0003924.jpg,2
train/0003927.jpg,2
train/0003928.jpg,3
train/0003929.jpg,0
train/0003930.jpg,3
train/0003931.jpg,3
train/0003932.jpg,0
train/0003933.jpg,2
train/0003935.jpg,2
train/0003936.jpg,0
train/0003937.jpg,0
train/0003939.jpg,0
train/0003941.jpg,0
train/0003943.jpg,1
train/0003944.jpg,3
train/0003946.jpg,1
train/0003947.jpg,3
train/0003948.jpg,1
train/0003949.jpg,3
train/0003950.jpg,2
train/0003952.jpg,0
train/0003953.jpg,3
train/0003954.jpg,3
train/0003955.jpg,2
train/0003956.jpg,0
train/0003957.jpg,2
train/0003958.jpg,1
train/0003959.jpg,1
train/0003960.jpg,3
train/0003961.jpg,0
train/0003962.jpg,0
train/0003963.jpg,0
train/0003964.jpg,0
train/0003965.jpg,0
train/0003966.jpg,0
train/0003967.jpg,1
train/0003968.jpg,0
train/0003969.jpg,0
train/0003970.jpg,0
train/0003972.jpg,1
train/0003973.jpg,3
train/0003975.jpg,3
train/0003976.jpg,1
train/0003978.jpg,1
train/0003979.jpg,0
train/0003980.jpg,0
train/0003981.jpg,2
train/0003982.jpg,0
train/0003983.jpg,3
train/0003984.jpg,0
train/0003985.jpg,0
train/0003986.jpg,3
train/0003987.jpg,2
train/0003988.jpg,1
train/0003989.jpg,1
train/0003991.jpg,0
train/0003992.jpg,3
train/0003993.jpg,2
train/0003994.jpg,3
train/0003995.jpg,0
train/0003996.jpg,2
train/0003997.jpg,1
train/0003998.jpg,3
train/0003999.jpg,2
train/0004000.jpg,3
train/0004001.jpg,3
train/0004002.jpg,0
train/0004003.jpg,0
train/0004005.jpg,0
train/0004006.jpg,2
train/0004007.jpg,2
train/0004008.jpg,1
train/0004009.jpg,2
train/0004011.jpg,1
train/0004013.jpg,2
train/0004014.jpg,2
train/0004015.jpg,3
train/0004016.jpg,3
train/0004017.jpg,1
train/0004020.jpg,0
train/0004022.jpg,1
train/0004023.jpg,0
train/0004024.jpg,2
train/0004025.jpg,0
train/0004026.jpg,2
train/0004029.jpg,2
train/0004031.jpg,0
train/0004032.jpg,0
train/0004033.jpg,1
train/0004034.jpg,3
train/0004036.jpg,2
train/0004037.jpg,0
train/0004038.jpg,3
train/0004039.jpg,0
train/0004040.jpg,0
train/0004041.jpg,3
train/0004042.jpg,0
train/0004045.jpg,3
train/0004046.jpg,1
train/0004047.jpg,3
train/0004048.jpg,0
train/0004049.jpg,0
train/0004050.jpg,0
train/0004051.jpg,0
train/0004052.jpg,3
train/0004053.jpg,0
train/0004054.jpg,1
train/0004055.jpg,3
train/0004058.jpg,3
train/0004059.jpg,3
train/0004061.jpg,1
train/0004062.jpg,2
train/0004063.jpg,3
train/0004064.jpg,1
train/0004066.jpg,2
train/0004067.jpg,2
train/0004068.jpg,1
train/0004069.jpg,1
train/0004072.jpg,3
train/0004073.jpg,1
train/0004074.jpg,0
train/0004075.jpg,0
train/0004076.jpg,3
train/0004077.jpg,1
train/0004078.jpg,0
train/0004079.jpg,3
train/0004080.jpg,1
train/0004081.jpg,3
train/0004082.jpg,3
train/0004083.jpg,0
train/0004084.jpg,1
train/0004085.jpg,2
train/0004086.jpg,2
train/0004087.jpg,3
train/0004088.jpg,2
train/0004090.jpg,2
train/0004091.jpg,2
train/0004092.jpg,2
train/0004093.jpg,0
train/0004094.jpg,3
train/0004095.jpg,1
train/0004096.jpg,0
train/0004098.jpg,3
train/0004100.jpg,0
train/0004101.jpg,0
train/0004102.jpg,1
train/0004104.jpg,2
train/0004105.jpg,1
train/0004106.jpg,0
train/0004107.jpg,0
train/0004108.jpg,3
train/0004109.jpg,1
train/0004110.jpg,0
train/0004111.jpg,1
train/0004112.jpg,2
train/0004113.jpg,1
train/0004115.jpg,2
train/0004116.jpg,0
train/0004117.jpg,1
train/0004118.jpg,1
train/0004120.jpg,0
train/0004121.jpg,3
train/0004122.jpg,2
train/0004123.jpg,3
train/0004124.jpg,1
train/0004126.jpg,3
train/0004128.jpg,2
train/0004129.jpg,2
train/0004131.jpg,1
train/0004132.jpg,2
train/0004133.jpg,0
train/0004134.jpg,0
train/0004136.jpg,1
train/0004137.jpg,3
train/0004139.jpg,1
train/0004141.jpg,0
train/0004142.jpg,2
train/0004143.jpg,3
train/0004144.jpg,2
train/0004145.jpg,0
train/0004148.jpg,2
train/0004149.jpg,3
train/0004150.jpg,1
train/0004151.jpg,0
train/0004152.jpg,1
train/0004153.jpg,2
train/0004154.jpg,1
train/0004155.jpg,3
train/0004156.jpg,1
train/0004157.jpg,0
train/0004159.jpg,2
train/0004160.jpg,2
train/0004161.jpg,3
train/0004162.jpg,3
train/0004163.jpg,3
train/0004164.jpg,2
train/0004165.jpg,2
train/0004166.jpg,2
train/0004167.jpg,2
train/0004168.jpg,1
train/0004171.jpg,1
train/0004173.jpg,1
train/0004174.jpg,3
train/0004176.jpg,3
train/0004177.jpg,1
train/0004178.jpg,0
train/0004180.jpg,1
train/0004181.jpg,0
train/0004182.jpg,3
train/0004183.jpg,3
train/0004184.jpg,3
train/0004185.jpg,2
train/0004186.jpg,0
train/0004187.jpg,0
train/0004188.jpg,0
train/0004189.jpg,0
train/0004190.jpg,3
train/0004191.jpg,2
train/0004193.jpg,1
train/0004197.jpg,3
train/0004198.jpg,3
train/0004199.jpg,0
train/0004200.jpg,2
train/0004202.jpg,0
train/0004203.jpg,2
train/0004204.jpg,3
train/0004206.jpg,0
train/0004207.jpg,3
train/0004208.jpg,3
train/0004209.jpg,1
train/0004210.jpg,1
train/0004211.jpg,3
train/0004212.jpg,3
train/0004213.jpg,0
train/0004214.jpg,3
train/0004215.jpg,2
train/0004216.jpg,2
train/0004217.jpg,0
train/0004219.jpg,3
train/0004220.jpg,0
train/0004223.jpg,2
train/0004224.jpg,2
train/0004225.jpg,1
train/0004226.jpg,3
train/0004227.jpg,0
train/0004228.jpg,0
train/0004230.jpg,2
train/0004231.jpg,0
train/0004232.jpg,3
train/0004233.jpg,1
train/0004235.jpg,1
train/0004236.jpg,0
train/0004237.jpg,3
train/0004238.jpg,0
train/0004239.jpg,3
train/0004240.jpg,0
train/0004242.jpg,2
train/0004243.jpg,2
train/0004245.jpg,3
train/0004246.jpg,1
train/0004247.jpg,3
train/0004250.jpg,3
train/0004254.jpg,0
train/0004257.jpg,0
train/0004260.jpg,3
train/0004261.jpg,0
train/0004262.jpg,1
train/0004263.jpg,3
train/0004264.jpg,2
train/0004265.jpg,3
train/0004266.jpg,1
train/0004268.jpg,2
train/0004269.jpg,2
train/0004270.jpg,1
train/0004271.jpg,1
train/0004272.jpg,3
train/0004273.jpg,3
train/0004274.jpg,2
train/0004275.jpg,1
train/0004276.jpg,3
train/0004277.jpg,3
train/0004278.jpg,3
train/0004279.jpg,3
train/0004281.jpg,3
train/0004282.jpg,0
train/0004283.jpg,2
train/0004285.jpg,0
train/0004286.jpg,3
train/0004287.jpg,2
train/0004288.jpg,3
train/0004289.jpg,2
train/0004290.jpg,0
train/0004291.jpg,1
train/0004292.jpg,0
train/0004293.jpg,3
train/0004295.jpg,2
train/0004297.jpg,2
train/0004298.jpg,0
train/0004299.jpg,2
train/0004300.jpg,0
train/0004301.jpg,0
train/0004302.jpg,3
train/0004305.jpg,3
train/0004306.jpg,3
train/0004307.jpg,2
train/0004308.jpg,1
train/0004309.jpg,0
train/0004311.jpg,2
train/0004312.jpg,0
train/0004314.jpg,3
train/0004315.jpg,2
train/0004316.jpg,2
train/0004319.jpg,3
train/0004320.jpg,2
train/0004321.jpg,2
train/0004322.jpg,1
train/0004323.jpg,1
train/0004324.jpg,2
train/0004325.jpg,2
train/0004326.jpg,2
train/0004327.jpg,0
train/0004328.jpg,2
train/0004329.jpg,1
train/0004330.jpg,2
train/0004331.jpg,2
train/0004332.jpg,0
train/0004333.jpg,0
train/0004334.jpg,1
train/0004335.jpg,0
train/0004336.jpg,1
train/0004337.jpg,1
train/0004338.jpg,2
train/0004340.jpg,1
train/0004341.jpg,2
train/0004342.jpg,3
train/0004343.jpg,2
train/0004344.jpg,3
train/0004345.jpg,1
train/0004346.jpg,3
train/0004347.jpg,2
train/0004348.jpg,1
train/0004349.jpg,2
train/0004350.jpg,2
train/0004351.jpg,0
train/0004352.jpg,2
train/0004353.jpg,3
train/0004354.jpg,3
train/0004355.jpg,1
train/0004356.jpg,1
train/0004357.jpg,2
train/0004358.jpg,2
train/0004359.jpg,2
train/0004360.jpg,1
train/0004363.jpg,2
train/0004364.jpg,0
train/0004365.jpg,2
train/0004366.jpg,1
train/0004368.jpg,0
train/0004369.jpg,3
train/0004371.jpg,2
train/0004372.jpg,3
train/0004373.jpg,2
train/0004375.jpg,2
train/0004376.jpg,3
train/0004377.jpg,0
train/0004378.jpg,1
train/0004381.jpg,3
train/0004382.jpg,1
train/0004383.jpg,1
train/0004384.jpg,3
train/0004385.jpg,3
train/0004387.jpg,2
train/0004388.jpg,1
train/0004391.jpg,2
train/0004392.jpg,1
train/0004393.jpg,0
train/0004394.jpg,1
train/0004395.jpg,3
train/0004396.jpg,1
train/0004397.jpg,2
train/0004398.jpg,1
train/0004399.jpg,0
train/0004401.jpg,1
train/0004402.jpg,0
train/0004403.jpg,3
train/0004404.jpg,1
train/0004406.jpg,1
train/0004407.jpg,1
train/0004408.jpg,1
train/0004411.jpg,0
train/0004412.jpg,0
train/0004414.jpg,1
train/0004415.jpg,2
train/0004416.jpg,0
train/0004418.jpg,2
train/0004419.jpg,2
train/0004420.jpg,0
train/0004421.jpg,0
train/0004422.jpg,0
train/0004424.jpg,0
train/0004425.jpg,0
train/0004426.jpg,0
train/0004427.jpg,2
train/0004429.jpg,1
train/0004430.jpg,2
train/0004431.jpg,0
train/0004432.jpg,1
train/0004433.jpg,2
train/0004434.jpg,3
train/0004435.jpg,2
train/0004436.jpg,3
train/0004437.jpg,3
train/0004438.jpg,2
train/0004439.jpg,1
train/0004441.jpg,2
train/0004442.jpg,2
train/0004444.jpg,1
train/0004445.jpg,3
train/0004446.jpg,3
train/0004448.jpg,2
train/0004449.jpg,1
train/0004450.jpg,3
train/0004451.jpg,1
train/0004452.jpg,2
train/0004454.jpg,2
train/0004455.jpg,3
train/0004456.jpg,1
train/0004458.jpg,2
train/0004459.jpg,1
train/0004461.jpg,0
train/0004462.jpg,0
train/0004463.jpg,1
train/0004464.jpg,3
train/0004465.jpg,3
train/0004466.jpg,0
train/0004467.jpg,1
train/0004468.jpg,1
train/0004471.jpg,1
train/0004472.jpg,2
train/0004474.jpg,3
train/0004476.jpg,2
train/0004477.jpg,0
train/0004478.jpg,1
train/0004479.jpg,0
train/0004480.jpg,3
train/0004481.jpg,2
train/0004482.jpg,3
train/0004483.jpg,0
train/0004484.jpg,0
train/0004485.jpg,0
train/0004486.jpg,0
train/0004487.jpg,2
train/0004488.jpg,1
train/0004489.jpg,1
train/0004491.jpg,3
train/0004492.jpg,3
train/0004493.jpg,2
train/0004495.jpg,2
train/0004496.jpg,2
train/0004497.jpg,2
train/0004498.jpg,1
train/0004499.jpg,1
train/0004501.jpg,2
train/0004502.jpg,2
train/0004503.jpg,0
train/0004504.jpg,3
train/0004505.jpg,3
train/0004506.jpg,3
train/0004507.jpg,1
train/0004508.jpg,0
train/0004510.jpg,0
train/0004512.jpg,1
train/0004513.jpg,3
train/0004514.jpg,0
train/0004515.jpg,1
train/0004516.jpg,2
train/0004518.jpg,0
train/0004520.jpg,0
train/0004521.jpg,1
train/0004522.jpg,3
train/0004523.jpg,3
train/0004524.jpg,3
train/0004525.jpg,3
train/0004527.jpg,2
train/0004529.jpg,2
train/0004530.jpg,3
train/0004531.jpg,2
train/0004532.jpg,3
train/0004533.jpg,0
train/0004534.jpg,2
train/0004535.jpg,2
train/0004536.jpg,3
train/0004540.jpg,1
train/0004541.jpg,1
train/0004542.jpg,2
train/0004543.jpg,1
train/0004544.jpg,1
train/0004545.jpg,2
train/0004547.jpg,2
train/0004548.jpg,3
train/0004549.jpg,1
train/0004550.jpg,3
train/0004551.jpg,3
train/0004552.jpg,2
train/0004553.jpg,1
train/0004554.jpg,2
train/0004555.jpg,0
train/0004556.jpg,0
train/0004557.jpg,1
train/0004558.jpg,1
train/0004560.jpg,3
train/0004561.jpg,0
train/0004562.jpg,2
train/0004564.jpg,0
train/0004565.jpg,0
train/0004566.jpg,1
train/0004567.jpg,3
train/0004568.jpg,2
train/0004569.jpg,1
train/0004571.jpg,0
train/0004573.jpg,1
train/0004575.jpg,2
train/0004577.jpg,1
train/0004578.jpg,1
train/0004579.jpg,2
train/0004580.jpg,1
train/0004582.jpg,0
train/0004583.jpg,0
train/0004585.jpg,2
train/0004586.jpg,1
train/0004588.jpg,3
train/0004589.jpg,3
train/0004590.jpg,0
train/0004591.jpg,2
train/0004592.jpg,3
train/0004594.jpg,1
train/0004596.jpg,0
train/0004597.jpg,2
train/0004598.jpg,0
train/0004599.jpg,1
train/0004600.jpg,1
train/0004601.jpg,0
train/0004604.jpg,1
train/0004605.jpg,2
train/0004606.jpg,0
train/0004608.jpg,2
train/0004609.jpg,3
train/0004610.jpg,3
train/0004611.jpg,2
train/0004612.jpg,0
train/0004613.jpg,2
train/0004616.jpg,1
train/0004618.jpg,0
train/0004619.jpg,2
train/0004620.jpg,0
train/0004621.jpg,2
train/0004622.jpg,2
train/0004623.jpg,1
train/0004624.jpg,0
train/0004625.jpg,2
train/0004626.jpg,3
train/0004627.jpg,3
train/0004628.jpg,1
train/0004629.jpg,3
train/0004631.jpg,3
train/0004632.jpg,1
train/0004633.jpg,3
train/0004634.jpg,1
train/0004637.jpg,3
train/0004638.jpg,2
train/0004640.jpg,1
train/0004642.jpg,2
train/0004643.jpg,0
train/0004644.jpg,0
train/0004645.jpg,0
train/0004647.jpg,1
train/0004648.jpg,1
train/0004649.jpg,0
train/0004651.jpg,1
train/0004652.jpg,2
train/0004653.jpg,1
train/0004654.jpg,1
train/0004655.jpg,0
train/0004656.jpg,0
train/0004658.jpg,3
train/0004661.jpg,3
train/0004662.jpg,3
train/0004663.jpg,3
train/0004664.jpg,0
train/0004666.jpg,2
train/0004667.jpg,2
train/0004668.jpg,1
train/0004669.jpg,3
train/0004670.jpg,3
train/0004671.jpg,1
train/0004672.jpg,1
train/0004673.jpg,1
train/0004675.jpg,0
train/0004676.jpg,1
train/0004677.jpg,0
train/0004679.jpg,1
train/0004680.jpg,1
train/0004681.jpg,3
train/0004682.jpg,2
train/0004683.jpg,3
train/0004684.jpg,1
train/0004685.jpg,1
train/0004686.jpg,2
train/0004687.jpg,2
train/0004688.jpg,1
train/0004689.jpg,1
train/0004690.jpg,3
train/0004691.jpg,3
train/0004692.jpg,2
train/0004693.jpg,0
train/0004695.jpg,0
train/0004696.jpg,1
train/0004697.jpg,3
train/0004698.jpg,2
train/0004699.jpg,2
train/0004700.jpg,1
train/0004701.jpg,2
train/0004702.jpg,1
train/0004703.jpg,3
train/0004704.jpg,3
train/0004705.jpg,2
train/0004707.jpg,3
train/0004708.jpg,0
train/0004709.jpg,3
train/0004710.jpg,2
train/0004711.jpg,0
train/0004712.jpg,1
train/0004713.jpg,2
train/0004716.jpg,0
train/0004719.jpg,1
train/0004721.jpg,0
train/0004722.jpg,3
train/0004723.jpg,2
train/0004724.jpg,2
train/0004725.jpg,3
train/0004726.jpg,3
train/0004727.jpg,3
train/0004728.jpg,3
train/0004730.jpg,2
train/0004731.jpg,1
train/0004732.jpg,3
train/0004733.jpg,1
train/0004734.jpg,2
train/0004735.jpg,2
train/0004736.jpg,2
train/0004737.jpg,3
train/0004738.jpg,0
train/0004739.jpg,2
train/0004740.jpg,3
train/0004741.jpg,0
train/0004742.jpg,0
train/0004743.jpg,3
train/0004744.jpg,1
train/0004745.jpg,0
train/0004746.jpg,3
train/0004747.jpg,3
train/0004748.jpg,0
train/0004749.jpg,0
train/0004750.jpg,0
train/0004751.jpg,2
train/0004752.jpg,1
train/0004755.jpg,2
train/0004757.jpg,2
train/0004758.jpg,0
train/0004759.jpg,2
train/0004760.jpg,3
train/0004761.jpg,3
train/0004762.jpg,3
train/0004763.jpg,2
train/0004765.jpg,1
train/0004766.jpg,3
train/0004767.jpg,3
train/0004768.jpg,2
train/0004769.jpg,3
train/0004770.jpg,1
train/0004771.jpg,2
train/0004772.jpg,3
train/0004774.jpg,1
train/0004775.jpg,0
train/0004776.jpg,3
train/0004777.jpg,0
train/0004779.jpg,0
train/0004780.jpg,2
train/0004781.jpg,2
train/0004783.jpg,1
train/0004784.jpg,0
train/0004785.jpg,2
train/0004786.jpg,1
train/0004787.jpg,2
train/0004788.jpg,3
train/0004789.jpg,3
train/0004791.jpg,1
train/0004794.jpg,1
train/0004796.jpg,2
train/0004797.jpg,2
train/0004798.jpg,2
train/0004800.jpg,2
train/0004801.jpg,2
train/0004802.jpg,2
train/0004804.jpg,3
train/0004805.jpg,3
train/0004806.jpg,2
train/0004807.jpg,3
train/0004808.jpg,1
train/0004810.jpg,3
train/0004811.jpg,2
train/0004812.jpg,0
train/0004813.jpg,1
train/0004815.jpg,3
train/0004816.jpg,3
train/0004818.jpg,3
train/0004819.jpg,0
train/0004820.jpg,2
train/0004821.jpg,0
train/0004823.jpg,1
train/0004824.jpg,1
train/0004825.jpg,0
train/0004826.jpg,1
train/0004827.jpg,1
train/0004828.jpg,2
train/0004829.jpg,0
train/0004830.jpg,0
train/0004832.jpg,3
train/0004833.jpg,0
train/0004834.jpg,0
train/0004838.jpg,0
train/0004841.jpg,3
train/0004842.jpg,0
train/0004843.jpg,0
train/0004844.jpg,0
train/0004845.jpg,2
train/0004846.jpg,3
train/0004847.jpg,2
train/0004848.jpg,2
train/0004849.jpg,3
train/0004851.jpg,1
train/0004852.jpg,1
train/0004853.jpg,3
train/0004854.jpg,0
train/0004855.jpg,3
train/0004856.jpg,3
train/0004857.jpg,3
train/0004858.jpg,0
train/0004859.jpg,1
train/0004860.jpg,2
train/0004861.jpg,1
train/0004862.jpg,0
train/0004863.jpg,2
train/0004865.jpg,3
train/0004866.jpg,2
train/0004867.jpg,3
train/0004869.jpg,3
train/0004870.jpg,2
train/0004871.jpg,0
train/0004872.jpg,2
train/0004873.jpg,1
train/0004874.jpg,0
train/0004875.jpg,2
train/0004877.jpg,3
train/0004878.jpg,0
train/0004879.jpg,3
train/0004880.jpg,1
train/0004881.jpg,2
train/0004882.jpg,0
train/0004883.jpg,2
train/0004884.jpg,1
train/0004885.jpg,2
train/0004888.jpg,3
train/0004889.jpg,2
train/0004890.jpg,1
train/0004891.jpg,0
train/0004892.jpg,1
train/0004893.jpg,1
train/0004894.jpg,0
train/0004895.jpg,3
train/0004896.jpg,3
train/0004898.jpg,2
train/0004899.jpg,0
train/0004900.jpg,2
train/0004901.jpg,0
train/0004902.jpg,1
train/0004903.jpg,0
train/0004905.jpg,0
train/0004907.jpg,0
train/0004908.jpg,3
train/0004910.jpg,1
train/0004911.jpg,2
train/0004913.jpg,1
train/0004914.jpg,2
train/0004915.jpg,2
train/0004916.jpg,1
train/0004917.jpg,0
train/0004918.jpg,3
train/0004921.jpg,0
train/0004922.jpg,2
train/0004924.jpg,0
train/0004926.jpg,0
train/0004927.jpg,3
train/0004928.jpg,2
train/0004929.jpg,0
train/0004930.jpg,3
train/0004931.jpg,1
train/0004932.jpg,1
train/0004933.jpg,3
train/0004935.jpg,0
train/0004937.jpg,2
train/0004941.jpg,1
train/0004942.jpg,1
train/0004943.jpg,3
train/0004945.jpg,1
train/0004947.jpg,0
train/0004948.jpg,3
train/0004949.jpg,0
train/0004950.jpg,3
train/0004951.jpg,3
train/0004952.jpg,2
train/0004953.jpg,3
train/0004955.jpg,2
train/0004956.jpg,2
train/0004957.jpg,0
train/0004958.jpg,2
train/0004959.jpg,3
train/0004960.jpg,0
train/0004961.jpg,3
train/0004963.jpg,1
train/0004964.jpg,1
train/0004967.jpg,3
train/0004968.jpg,1
train/0004969.jpg,3
train/0004971.jpg,1
train/0004972.jpg,2
train/0004973.jpg,1
train/0004974.jpg,3
train/0004975.jpg,1
train/0004976.jpg,3
train/0004977.jpg,2
train/0004979.jpg,3
train/0004980.jpg,1
train/0004982.jpg,3
train/0004984.jpg,0
train/0004985.jpg,0
train/0004986.jpg,3
train/0004987.jpg,3
train/0004988.jpg,1
train/0004991.jpg,2
train/0004992.jpg,1
train/0004993.jpg,2
train/0004994.jpg,0
train/0004995.jpg,1
train/0004996.jpg,1
train/0004997.jpg,2
train/0004998.jpg,3
train/0004999.jpg,0
train/0005000.jpg,1
train/0005001.jpg,1
train/0005002.jpg,2
train/0005003.jpg,0
train/0005004.jpg,1
train/0005005.jpg,2
train/0005006.jpg,3
train/0005008.jpg,1
train/0005009.jpg,3
train/0005010.jpg,0
train/0005011.jpg,3
train/0005012.jpg,1
train/0005013.jpg,0
train/0005014.jpg,2
train/0005015.jpg,2
train/0005017.jpg,0
train/0005020.jpg,3
train/0005021.jpg,0
train/0005022.jpg,3
train/0005024.jpg,1
train/0005025.jpg,2
train/0005026.jpg,1
train/0005027.jpg,3
train/0005028.jpg,0
train/0005030.jpg,3
train/0005031.jpg,2
train/0005032.jpg,0
train/0005034.jpg,2
train/0005035.jpg,3
train/0005036.jpg,1
train/0005037.jpg,3
train/0005038.jpg,3
train/0005039.jpg,1
train/0005041.jpg,1
train/0005042.jpg,3
train/0005043.jpg,3
train/0005045.jpg,3
train/0005046.jpg,3
train/0005047.jpg,1
train/0005048.jpg,0
train/0005050.jpg,3
train/0005053.jpg,0
train/0005054.jpg,1
train/0005055.jpg,2
train/0005056.jpg,3
train/0005057.jpg,1
train/0005058.jpg,2
train/0005059.jpg,3
train/0005060.jpg,1
train/0005061.jpg,1
train/0005062.jpg,1
train/0005065.jpg,3
train/0005067.jpg,2
train/0005068.jpg,2
train/0005069.jpg,1
train/0005070.jpg,2
train/0005071.jpg,2
train/0005072.jpg,3
train/0005073.jpg,3
train/0005074.jpg,1
train/0005075.jpg,1
train/0005077.jpg,3
train/0005078.jpg,1
train/0005079.jpg,1
train/0005081.jpg,0
train/0005082.jpg,2
train/0005083.jpg,0
train/0005084.jpg,1
train/0005085.jpg,0
train/0005087.jpg,0
train/0005089.jpg,0
train/0005090.jpg,0
train/0005091.jpg,3
train/0005092.jpg,2
train/0005094.jpg,1
train/0005095.jpg,2
train/0005096.jpg,2
train/0005097.jpg,0
train/0005098.jpg,3
train/0005099.jpg,2
train/0005101.jpg,2
train/0005103.jpg,0
train/0005104.jpg,2
train/0005105.jpg,2
train/0005106.jpg,3
train/0005109.jpg,0
train/0005110.jpg,1
train/0005111.jpg,2
train/0005112.jpg,1
train/0005113.jpg,2
train/0005114.jpg,0
train/0005115.jpg,3
train/0005116.jpg,1
train/0005117.jpg,0
train/0005118.jpg,0
train/0005120.jpg,3
train/0005122.jpg,1
train/0005123.jpg,0
train/0005124.jpg,0
train/0005125.jpg,0
train/0005126.jpg,1
train/0005127.jpg,3
train/0005129.jpg,3
train/0005131.jpg,0
train/0005132.jpg,1
train/0005134.jpg,0
train/0005136.jpg,1
train/0005137.jpg,3
train/0005138.jpg,2
train/0005139.jpg,3
train/0005140.jpg,0
train/0005141.jpg,2
train/0005142.jpg,3
train/0005143.jpg,1
train/0005144.jpg,1
train/0005145.jpg,3
train/0005146.jpg,0
train/0005147.jpg,3
train/0005148.jpg,0
train/0005149.jpg,2
train/0005150.jpg,1
train/0005151.jpg,1
train/0005152.jpg,2
train/0005153.jpg,2
train/0005154.jpg,1
train/0005155.jpg,0
train/0005156.jpg,1
train/0005157.jpg,2
train/0005158.jpg,0
train/0005159.jpg,2
train/0005160.jpg,2
train/0005161.jpg,0
train/0005162.jpg,3
train/0005163.jpg,3
train/0005164.jpg,3
train/0005165.jpg,1
train/0005166.jpg,1
train/0005167.jpg,1
train/0005169.jpg,2
train/0005170.jpg,2
train/0005171.jpg,0
train/0005172.jpg,1
train/0005173.jpg,0
train/0005174.jpg,2
train/0005175.jpg,1
train/0005176.jpg,2
train/0005177.jpg,1
train/0005178.jpg,0
train/0005179.jpg,2
train/0005181.jpg,3
train/0005182.jpg,3
train/0005184.jpg,1
train/0005186.jpg,2
train/0005187.jpg,2
train/0005188.jpg,0
train/0005189.jpg,1
train/0005190.jpg,0
train/0005191.jpg,2
train/0005192.jpg,3
train/0005193.jpg,3
train/0005195.jpg,0
train/0005196.jpg,2
train/0005197.jpg,3
train/0005199.jpg,0
